/data/diag/samples/EE/Sample_Diag-excap25-14000059801-EE-KIT-Av5.140603_SN586_0192_AC446MACXX/060_delivery/Sample_Diag-excap25-14000059801-EE-KIT-Av5.140603_SN586_0192_AC446MACXX.snp.raw.snpFingerPrintingTest.vcf									
Sample_Diag-excap25-14000059801-EE-KIT-Av5 									
RS	RS	REF	ALT	Genotype	readDepth	allelic depth REF	allelic depth ALT	CHROM	POS
rs786906 	rs786906 	T 	C 	T/C 	167 	97 	70 	1 	89271574
rs2296292 	rs2296292 	A 	C 	A/C 	68 	43 	25 	1 	183086757
rs1137288 	rs1137288 	T 	C 	T/C 	12 	8 	4 	2 	30381505
rs1485175 	rs1485175 	T 	C 	T/C 	193 	99 	93 	3 	7620789
rs3749507 	rs3749507 	A 	G 	A/G 	200 	107 	93 	4 	128565000
rs3108237 	rs3108237 	G 	A 	A/A 	159 	0 	159 	4 	186112111
rs6596422 	rs6596422 	G 	A 	G/A 	137 	73 	64 	5 	137426447
rs1700490 	rs1700490 	G 	A 	G/A 	121 	61 	60 	5 	176402401
rs3736782 	None 	C 	None 	C/C 	145 	None 	None 	6 	26505403
rs257376 	rs257376 	G 	A 	A/A 	200 	1 	199 	7 	106799997
rs2241802 	rs2241802 	A 	G 	A/G 	113 	62 	51 	8 	28384712
rs944510 	rs944510 	C 	T 	C/T 	200 	108 	92 	9 	117853022
rs2901343 	None 	C 	None 	C/C 	175 	None 	None 	10 	124457906
rs1446464 	rs1446464 	C 	A 	C/A 	138 	62 	76 	11 	8486310
rs1057908 	rs1057908 	T 	G 	T/G 	45 	29 	16 	12 	49230035
rs9707144 	rs9707144 	T 	C 	C/C 	88 	1 	86 	13 	25356053
rs3814871 	None 	G 	None 	G/G 	200 	None 	None 	14 	71444788
rs1267657 	rs1267657 	T 	C 	T/C 	148 	71 	77 	15 	83215251
rs33910368 	None 	A 	None 	A/A 	81 	None 	None 	16 	70569215
rs3851 	rs3851 	A 	C 	A/C 	41 	27 	14 	17 	4686414
rs9958735 	rs9958735 	T 	C 	T/C 	151 	84 	67 	18 	56247180
rs238148 	rs238148 	C 	T 	T/T 	64 	0 	64 	20 	47850182
rs1053744 	rs1053744 	A 	G 	A/G 	115 	62 	53 	22 	50885775
