/data/diag/samples/Bindevev/Sample_Diag-excap25-13000753501-Bindevev-KIT-Av5.140603_SN586_0192_AC446MACXX/060_delivery/Sample_Diag-excap25-13000753501-Bindevev-KIT-Av5.140603_SN586_0192_AC446MACXX.snp.raw.snpFingerPrintingTest.vcf									
Sample_Diag-excap25-13000753501-Bindevev-KIT-Av5 									
RS	RS	REF	ALT	Genotype	readDepth	allelic depth REF	allelic depth ALT	CHROM	POS
rs786906 	None 	T 	None 	T/T 	175 	None 	None 	1 	89271574
rs2296292 	rs2296292 	A 	C 	C/C 	66 	0 	66 	1 	183086757
rs1137288 	rs1137288 	T 	C 	T/C 	11 	4 	7 	2 	30381505
rs1485175 	rs1485175 	T 	C 	C/C 	195 	0 	195 	3 	7620789
rs3749507 	None 	A 	None 	A/A 	200 	None 	None 	4 	128565000
rs3108237 	rs3108237 	G 	A 	G/A 	200 	114 	85 	4 	186112111
rs6596422 	rs6596422 	G 	A 	G/A 	157 	72 	85 	5 	137426447
rs1700490 	rs1700490 	G 	A 	G/A 	141 	70 	71 	5 	176402401
rs3736782 	None 	C 	None 	C/C 	192 	None 	None 	6 	26505403
rs257376 	rs257376 	G 	A 	G/A 	200 	105 	95 	7 	106799997
rs2241802 	rs2241802 	A 	G 	A/G 	167 	103 	64 	8 	28384712
rs944510 	rs944510 	C 	T 	C/T 	200 	113 	87 	9 	117853022
rs2901343 	None 	C 	None 	C/C 	200 	None 	None 	10 	124457906
rs1446464 	rs1446464 	C 	A 	C/A 	198 	102 	95 	11 	8486310
rs1057908 	rs1057908 	T 	G 	T/G 	41 	27 	14 	12 	49230035
rs9707144 	rs9707144 	T 	C 	T/C 	109 	59 	50 	13 	25356053
rs3814871 	None 	G 	None 	G/G 	200 	None 	None 	14 	71444788
rs1267657 	rs1267657 	T 	C 	C/C 	149 	0 	149 	15 	83215251
rs33910368 	rs33910368 	A 	T 	A/T 	112 	60 	52 	16 	70569215
rs3851 	rs3851 	A 	C 	A/C 	51 	28 	23 	17 	4686414
rs9958735 	None 	T 	None 	T/T 	184 	None 	None 	18 	56247180
rs238148 	rs238148 	C 	T 	T/T 	73 	0 	73 	20 	47850182
rs1053744 	rs1053744 	A 	G 	A/G 	158 	85 	72 	22 	50885775
