/data/diag/samples/EE/Sample_Diag-excap26-14000504901-EE-KIT-Av5.140612_7001448_0264_BC42DJACXX/060_delivery/Sample_Diag-excap26-14000504901-EE-KIT-Av5.140612_7001448_0264_BC42DJACXX.snp.raw.snpFingerPrintingTest.vcf									
Sample_Diag-excap26-14000504901-EE-KIT-Av5 									
RS	RS	REF	ALT	Genotype	readDepth	allelic depth REF	allelic depth ALT	CHROM	POS
rs786906 	rs786906 	T 	C 	C/C 	192 	0 	192 	1 	89271574
rs2296292 	rs2296292 	A 	C 	A/C 	106 	64 	42 	1 	183086757
rs1137288 	rs1137288 	T 	C 	C/C 	21 	0 	21 	2 	30381505
rs1485175 	rs1485175 	T 	C 	C/C 	200 	0 	200 	3 	7620789
rs3749507 	rs3749507 	A 	G 	G/G 	200 	1 	199 	4 	128565000
rs3108237 	rs3108237 	G 	A 	G/A 	200 	121 	79 	4 	186112111
rs6596422 	rs6596422 	G 	A 	G/A 	200 	111 	89 	5 	137426447
rs1700490 	rs1700490 	G 	A 	G/A 	152 	86 	66 	5 	176402401
rs3736782 	None 	C 	None 	C/C 	193 	None 	None 	6 	26505403
rs257376 	rs257376 	G 	A 	G/A 	200 	116 	84 	7 	106799997
rs2241802 	rs2241802 	A 	G 	A/G 	174 	77 	97 	8 	28384712
rs944510 	None 	C 	None 	C/C 	200 	None 	None 	9 	117853022
rs2901343 	rs2901343 	C 	T 	C/T 	200 	110 	90 	10 	124457906
rs1446464 	None 	C 	None 	C/C 	200 	None 	None 	11 	8486310
rs1057908 	rs1057908 	T 	G 	T/G 	72 	32 	40 	12 	49230035
rs9707144 	None 	T 	None 	T/T 	106 	None 	None 	13 	25356053
rs3814871 	None 	G 	None 	G/G 	200 	None 	None 	14 	71444788
rs1267657 	rs1267657 	T 	C 	T/C 	183 	101 	82 	15 	83215251
rs33910368 	None 	A 	None 	A/A 	127 	None 	None 	16 	70569215
rs3851 	None 	A 	None 	A/A 	65 	None 	None 	17 	4686414
rs9958735 	None 	T 	None 	T/T 	200 	None 	None 	18 	56247180
rs238148 	rs238148 	C 	T 	C/T 	104 	56 	48 	20 	47850182
rs1053744 	rs1053744 	A 	G 	A/G 	179 	100 	78 	22 	50885775
