/data/diag/samples/EE/Sample_Diag-excap25-14000429301-EE-KIT-Av5.140603_SN586_0192_AC446MACXX/060_delivery/Sample_Diag-excap25-14000429301-EE-KIT-Av5.140603_SN586_0192_AC446MACXX.snp.raw.snpFingerPrintingTest.vcf									
Sample_Diag-excap25-14000429301-EE-KIT-Av5 									
RS	RS	REF	ALT	Genotype	readDepth	allelic depth REF	allelic depth ALT	CHROM	POS
rs786906 	rs786906 	T 	C 	T/C 	188 	102 	86 	1 	89271574
rs2296292 	None 	A 	None 	A/A 	100 	None 	None 	1 	183086757
rs1137288 	None 	T 	None 	T/T 	17 	None 	None 	2 	30381505
rs1485175 	rs1485175 	T 	C 	T/C 	189 	101 	88 	3 	7620789
rs3749507 	None 	A 	None 	A/A 	200 	None 	None 	4 	128565000
rs3108237 	rs3108237 	G 	A 	G/A 	200 	116 	84 	4 	186112111
rs6596422 	rs6596422 	G 	A 	G/A 	147 	79 	68 	5 	137426447
rs1700490 	None 	G 	None 	G/G 	153 	None 	None 	5 	176402401
rs3736782 	None 	C 	None 	C/C 	182 	None 	None 	6 	26505403
rs257376 	rs257376 	G 	A 	A/A 	200 	1 	199 	7 	106799997
rs2241802 	rs2241802 	A 	G 	G/G 	146 	0 	145 	8 	28384712
rs944510 	rs944510 	C 	T 	C/T 	200 	110 	90 	9 	117853022
rs2901343 	rs2901343 	C 	T 	C/T 	195 	103 	92 	10 	124457906
rs1446464 	None 	C 	None 	C/C 	177 	None 	None 	11 	8486310
rs1057908 	rs1057908 	T 	G 	G/G 	55 	0 	55 	12 	49230035
rs9707144 	rs9707144 	T 	C 	T/C 	135 	74 	61 	13 	25356053
rs3814871 	None 	G 	None 	G/G 	200 	None 	None 	14 	71444788
rs1267657 	None 	T 	None 	T/T 	190 	None 	None 	15 	83215251
rs33910368 	rs33910368 	A 	T 	A/T 	117 	58 	58 	16 	70569215
rs3851 	rs3851 	A 	C 	A/C 	56 	29 	27 	17 	4686414
rs9958735 	rs9958735 	T 	C 	T/C 	200 	111 	89 	18 	56247180
rs238148 	rs238148 	C 	T 	T/T 	83 	0 	83 	20 	47850182
rs1053744 	rs1053744 	A 	G 	G/G 	161 	0 	161 	22 	50885775
