/data/diag/samples/Bindevev/Sample_Diag-excap26-14000414202-Bindevev-KIT-Av5.140612_7001448_0264_BC42DJACXX/060_delivery/Sample_Diag-excap26-14000414202-Bindevev-KIT-Av5.140612_7001448_0264_BC42DJACXX.snp.raw.snpFingerPrintingTest.vcf									
Sample_Diag-excap26-14000414202-Bindevev-KIT-Av5 									
RS	RS	REF	ALT	Genotype	readDepth	allelic depth REF	allelic depth ALT	CHROM	POS
rs786906 	None 	T 	None 	T/T 	176 	None 	None 	1 	89271574
rs2296292 	None 	A 	None 	A/A 	112 	None 	None 	1 	183086757
rs1137288 	rs1137288 	T 	C 	T/C 	25 	10 	15 	2 	30381505
rs1485175 	rs1485175 	T 	C 	C/C 	200 	1 	199 	3 	7620789
rs3749507 	rs3749507 	A 	G 	A/G 	200 	113 	87 	4 	128565000
rs3108237 	rs3108237 	G 	A 	G/A 	200 	100 	100 	4 	186112111
rs6596422 	rs6596422 	G 	A 	G/A 	160 	72 	87 	5 	137426447
rs1700490 	None 	G 	None 	G/G 	145 	None 	None 	5 	176402401
rs3736782 	None 	C 	None 	C/C 	171 	None 	None 	6 	26505403
rs257376 	rs257376 	G 	A 	A/A 	200 	1 	199 	7 	106799997
rs2241802 	None 	A 	None 	A/A 	165 	None 	None 	8 	28384712
rs944510 	rs944510 	C 	T 	C/T 	200 	111 	89 	9 	117853022
rs2901343 	None 	C 	None 	C/C 	200 	None 	None 	10 	124457906
rs1446464 	rs1446464 	C 	A 	C/A 	171 	83 	88 	11 	8486310
rs1057908 	rs1057908 	T 	G 	G/G 	50 	0 	50 	12 	49230035
rs9707144 	rs9707144 	T 	C 	T/C 	99 	60 	39 	13 	25356053
rs3814871 	rs3814871 	G 	A 	G/A 	200 	110 	90 	14 	71444788
rs1267657 	rs1267657 	T 	C 	T/C 	200 	98 	102 	15 	83215251
rs33910368 	rs33910368 	A 	T 	A/T 	107 	53 	53 	16 	70569215
rs3851 	rs3851 	A 	C 	A/C 	57 	31 	26 	17 	4686414
rs9958735 	rs9958735 	T 	C 	C/C 	167 	0 	167 	18 	56247180
rs238148 	rs238148 	C 	T 	T/T 	95 	0 	95 	20 	47850182
rs1053744 	None 	A 	None 	A/A 	184 	None 	None 	22 	50885775
