/data/diag/samples/Ciliopati/Sample_Diag-excap26-14000173400-Ciliopati-KIT-Av5.140612_7001448_0264_BC42DJACXX/060_delivery/Sample_Diag-excap26-14000173400-Ciliopati-KIT-Av5.140612_7001448_0264_BC42DJACXX.snp.raw.snpFingerPrintingTest.vcf									
Sample_Diag-excap26-14000173400-Ciliopati-KIT-Av5 									
RS	RS	REF	ALT	Genotype	readDepth	allelic depth REF	allelic depth ALT	CHROM	POS
rs786906 	rs786906 	T 	C 	C/C 	145 	0 	145 	1 	89271574
rs2296292 	rs2296292 	A 	C 	C/C 	74 	0 	74 	1 	183086757
rs1137288 	rs1137288 	T 	C 	C/C 	21 	0 	21 	2 	30381505
rs1485175 	rs1485175 	T 	C 	T/C 	200 	95 	105 	3 	7620789
rs3749507 	rs3749507 	A 	G 	G/G 	200 	1 	199 	4 	128565000
rs3108237 	rs3108237 	G 	A 	A/A 	179 	0 	179 	4 	186112111
rs6596422 	rs6596422 	G 	A 	A/A 	131 	0 	130 	5 	137426447
rs1700490 	rs1700490 	G 	A 	G/A 	129 	62 	67 	5 	176402401
rs3736782 	rs3736782 	C 	A 	C/A 	152 	88 	64 	6 	26505403
rs257376 	rs257376 	G 	A 	G/A 	200 	102 	98 	7 	106799997
rs2241802 	rs2241802 	A 	G 	G/G 	151 	0 	151 	8 	28384712
rs944510 	rs944510 	C 	T 	C/T 	200 	118 	82 	9 	117853022
rs2901343 	rs2901343 	C 	T 	C/T 	196 	111 	85 	10 	124457906
rs1446464 	None 	C 	None 	C/C 	200 	None 	None 	11 	8486310
rs1057908 	rs1057908 	T 	G 	T/G 	38 	18 	20 	12 	49230035
rs9707144 	rs9707144 	T 	C 	C/C 	129 	0 	129 	13 	25356053
rs3814871 	rs3814871 	G 	A 	G/A 	200 	115 	85 	14 	71444788
rs1267657 	None 	T 	None 	T/T 	200 	None 	None 	15 	83215251
rs33910368 	rs33910368 	A 	T 	T/T 	102 	0 	102 	16 	70569215
rs3851 	rs3851 	A 	C 	A/C 	61 	32 	29 	17 	4686414
rs9958735 	rs9958735 	T 	C 	T/C 	161 	79 	82 	18 	56247180
rs238148 	rs238148 	C 	T 	C/T 	80 	40 	40 	20 	47850182
rs1053744 	None 	A 	None 	A/A 	149 	None 	None 	22 	50885775
