/data/diag/samples/Ciliopati/Sample_Diag-excap25-14000186301-Ciliopati-KIT-Av5.140603_SN586_0192_AC446MACXX/060_delivery/Sample_Diag-excap25-14000186301-Ciliopati-KIT-Av5.140603_SN586_0192_AC446MACXX.snp.raw.snpFingerPrintingTest.vcf									
Sample_Diag-excap25-14000186301-Ciliopati-KIT-Av5 									
RS	RS	REF	ALT	Genotype	readDepth	allelic depth REF	allelic depth ALT	CHROM	POS
rs786906 	rs786906 	T 	C 	C/C 	159 	0 	158 	1 	89271574
rs2296292 	rs2296292 	A 	C 	A/C 	71 	39 	32 	1 	183086757
rs1137288 	None 	T 	None 	T/T 	10 	None 	None 	2 	30381505
rs1485175 	None 	T 	None 	T/T 	200 	None 	None 	3 	7620789
rs3749507 	rs3749507 	A 	G 	G/G 	200 	0 	200 	4 	128565000
rs3108237 	rs3108237 	G 	A 	G/A 	200 	110 	90 	4 	186112111
rs6596422 	None 	G 	None 	G/G 	147 	None 	None 	5 	137426447
rs1700490 	None 	G 	None 	G/G 	134 	None 	None 	5 	176402401
rs3736782 	rs3736782 	C 	A 	C/A 	134 	74 	60 	6 	26505403
rs257376 	rs257376 	G 	A 	A/A 	200 	0 	200 	7 	106799997
rs2241802 	rs2241802 	A 	G 	A/G 	150 	81 	69 	8 	28384712
rs944510 	rs944510 	C 	T 	C/T 	200 	107 	93 	9 	117853022
rs2901343 	rs2901343 	C 	T 	C/T 	199 	111 	88 	10 	124457906
rs1446464 	None 	C 	None 	C/C 	166 	None 	None 	11 	8486310
rs1057908 	rs1057908 	T 	G 	T/G 	73 	43 	30 	12 	49230035
rs9707144 	None 	T 	None 	T/T 	119 	None 	None 	13 	25356053
rs3814871 	rs3814871 	G 	A 	G/A 	200 	112 	87 	14 	71444788
rs1267657 	None 	T 	None 	T/T 	173 	None 	None 	15 	83215251
rs33910368 	rs33910368 	A 	T 	A/T 	106 	64 	42 	16 	70569215
rs3851 	rs3851 	A 	C 	A/C 	45 	26 	19 	17 	4686414
rs9958735 	rs9958735 	T 	C 	C/C 	173 	1 	172 	18 	56247180
rs238148 	rs238148 	C 	T 	T/T 	79 	0 	79 	20 	47850182
rs1053744 	None 	A 	None 	A/A 	159 	None 	None 	22 	50885775
