/data/diag/samples/Bindevev/Sample_Diag-excap25-14000441501-Bindevev-KIT-Av5.140612_7001448_0263_AC4475ACXX/060_delivery/Sample_Diag-excap25-14000441501-Bindevev-KIT-Av5.140612_7001448_0263_AC4475ACXX.snp.raw.snpFingerPrintingTest.vcf									
Sample_Diag-excap25-14000441501-Bindevev-KIT-Av5 									
RS	RS	REF	ALT	Genotype	readDepth	allelic depth REF	allelic depth ALT	CHROM	POS
rs786906 	None 	T 	None 	T/T 	181 	None 	None 	1 	89271574
rs2296292 	rs2296292 	A 	C 	A/C 	112 	57 	55 	1 	183086757
rs1137288 	rs1137288 	T 	C 	T/C 	15 	8 	7 	2 	30381505
rs1485175 	rs1485175 	T 	C 	T/C 	200 	120 	80 	3 	7620789
rs3749507 	rs3749507 	A 	G 	G/G 	200 	0 	200 	4 	128565000
rs3108237 	rs3108237 	G 	A 	G/A 	200 	107 	93 	4 	186112111
rs6596422 	rs6596422 	G 	A 	G/A 	200 	111 	89 	5 	137426447
rs1700490 	None 	G 	None 	G/G 	188 	None 	None 	5 	176402401
rs3736782 	rs3736782 	C 	A 	C/A 	200 	117 	82 	6 	26505403
rs257376 	rs257376 	G 	A 	A/A 	200 	0 	199 	7 	106799997
rs2241802 	rs2241802 	A 	G 	A/G 	195 	110 	85 	8 	28384712
rs944510 	rs944510 	C 	T 	C/T 	200 	98 	102 	9 	117853022
rs2901343 	rs2901343 	C 	T 	C/T 	200 	105 	95 	10 	124457906
rs1446464 	None 	C 	None 	C/C 	200 	None 	None 	11 	8486310
rs1057908 	rs1057908 	T 	G 	G/G 	68 	0 	68 	12 	49230035
rs9707144 	rs9707144 	T 	C 	C/C 	129 	2 	127 	13 	25356053
rs3814871 	rs3814871 	G 	A 	A/A 	200 	0 	200 	14 	71444788
rs1267657 	rs1267657 	T 	C 	C/C 	200 	0 	200 	15 	83215251
rs33910368 	None 	A 	None 	A/A 	137 	None 	None 	16 	70569215
rs3851 	None 	A 	None 	A/A 	78 	None 	None 	17 	4686414
rs9958735 	rs9958735 	T 	C 	T/C 	200 	114 	86 	18 	56247180
rs238148 	rs238148 	C 	T 	T/T 	109 	0 	109 	20 	47850182
rs1053744 	rs1053744 	A 	G 	G/G 	188 	1 	187 	22 	50885775
