/data/diag/samples/EE/Sample_Diag-excap25-13000817601-EE-KIT-Av5.140603_SN586_0192_AC446MACXX/060_delivery/Sample_Diag-excap25-13000817601-EE-KIT-Av5.140603_SN586_0192_AC446MACXX.snp.raw.snpFingerPrintingTest.vcf									
Sample_Diag-excap25-13000817601-EE-KIT-Av5 									
RS	RS	REF	ALT	Genotype	readDepth	allelic depth REF	allelic depth ALT	CHROM	POS
rs786906 	rs786906 	T 	C 	C/C 	181 	0 	180 	1 	89271574
rs2296292 	rs2296292 	A 	C 	A/C 	99 	55 	44 	1 	183086757
rs1137288 	None 	T 	None 	T/T 	25 	None 	None 	2 	30381505
rs1485175 	rs1485175 	T 	C 	T/C 	200 	110 	90 	3 	7620789
rs3749507 	rs3749507 	A 	G 	A/G 	200 	114 	86 	4 	128565000
rs3108237 	None 	G 	None 	G/G 	200 	None 	None 	4 	186112111
rs6596422 	rs6596422 	G 	A 	G/A 	161 	71 	89 	5 	137426447
rs1700490 	rs1700490 	G 	A 	G/A 	146 	67 	78 	5 	176402401
rs3736782 	rs3736782 	C 	A 	C/A 	155 	88 	67 	6 	26505403
rs257376 	rs257376 	G 	A 	G/A 	200 	116 	84 	7 	106799997
rs2241802 	rs2241802 	A 	G 	A/G 	127 	64 	63 	8 	28384712
rs944510 	rs944510 	C 	T 	C/T 	200 	112 	88 	9 	117853022
rs2901343 	rs2901343 	C 	T 	T/T 	179 	1 	178 	10 	124457906
rs1446464 	None 	C 	None 	C/C 	200 	None 	None 	11 	8486310
rs1057908 	rs1057908 	T 	G 	T/G 	47 	32 	15 	12 	49230035
rs9707144 	rs9707144 	T 	C 	T/C 	99 	55 	44 	13 	25356053
rs3814871 	rs3814871 	G 	A 	G/A 	200 	100 	100 	14 	71444788
rs1267657 	None 	T 	None 	T/T 	161 	None 	None 	15 	83215251
rs33910368 	rs33910368 	A 	T 	A/T 	118 	66 	52 	16 	70569215
rs3851 	None 	A 	None 	A/A 	41 	None 	None 	17 	4686414
rs9958735 	rs9958735 	T 	C 	C/C 	171 	1 	169 	18 	56247180
rs238148 	rs238148 	C 	T 	C/T 	78 	38 	40 	20 	47850182
rs1053744 	rs1053744 	A 	G 	A/G 	127 	72 	55 	22 	50885775
