/data/diag/samples/Bindevev/Sample_Diag-excap25-14000414001-Bindevev-KIT-Av5.140603_SN586_0192_AC446MACXX/060_delivery/Sample_Diag-excap25-14000414001-Bindevev-KIT-Av5.140603_SN586_0192_AC446MACXX.snp.raw.snpFingerPrintingTest.vcf									
Sample_Diag-excap25-14000414001-Bindevev-KIT-Av5 									
RS	RS	REF	ALT	Genotype	readDepth	allelic depth REF	allelic depth ALT	CHROM	POS
rs786906 	rs786906 	T 	C 	T/C 	167 	95 	71 	1 	89271574
rs2296292 	rs2296292 	A 	C 	C/C 	69 	0 	69 	1 	183086757
rs1137288 	rs1137288 	T 	C 	T/C 	13 	3 	10 	2 	30381505
rs1485175 	rs1485175 	T 	C 	T/C 	185 	107 	78 	3 	7620789
rs3749507 	rs3749507 	A 	G 	A/G 	200 	120 	80 	4 	128565000
rs3108237 	rs3108237 	G 	A 	A/A 	200 	0 	200 	4 	186112111
rs6596422 	rs6596422 	G 	A 	A/A 	163 	0 	163 	5 	137426447
rs1700490 	rs1700490 	G 	A 	G/A 	171 	88 	83 	5 	176402401
rs3736782 	rs3736782 	C 	A 	C/A 	164 	84 	79 	6 	26505403
rs257376 	rs257376 	G 	A 	G/A 	200 	112 	88 	7 	106799997
rs2241802 	rs2241802 	A 	G 	A/G 	136 	84 	52 	8 	28384712
rs944510 	rs944510 	C 	T 	T/T 	200 	1 	199 	9 	117853022
rs2901343 	rs2901343 	C 	T 	C/T 	200 	109 	91 	10 	124457906
rs1446464 	None 	C 	None 	C/C 	200 	None 	None 	11 	8486310
rs1057908 	rs1057908 	T 	G 	T/G 	51 	27 	24 	12 	49230035
rs9707144 	rs9707144 	T 	C 	T/C 	98 	50 	48 	13 	25356053
rs3814871 	None 	G 	None 	G/G 	200 	None 	None 	14 	71444788
rs1267657 	rs1267657 	T 	C 	T/C 	170 	80 	90 	15 	83215251
rs33910368 	rs33910368 	A 	T 	T/T 	114 	0 	114 	16 	70569215
rs3851 	None 	A 	None 	A/A 	49 	None 	None 	17 	4686414
rs9958735 	rs9958735 	T 	C 	C/C 	179 	1 	178 	18 	56247180
rs238148 	rs238148 	C 	T 	C/T 	89 	47 	42 	20 	47850182
rs1053744 	None 	A 	None 	A/A 	171 	None 	None 	22 	50885775
