/data/diag/samples/EE/Sample_Diag-excap26-14000490500-EE-KIT-Av5.140612_7001448_0264_BC42DJACXX/060_delivery/Sample_Diag-excap26-14000490500-EE-KIT-Av5.140612_7001448_0264_BC42DJACXX.snp.raw.snpFingerPrintingTest.vcf									
Sample_Diag-excap26-14000490500-EE-KIT-Av5 									
RS	RS	REF	ALT	Genotype	readDepth	allelic depth REF	allelic depth ALT	CHROM	POS
rs786906 	rs786906 	T 	C 	T/C 	200 	102 	98 	1 	89271574
rs2296292 	rs2296292 	A 	C 	C/C 	85 	0 	85 	1 	183086757
rs1137288 	rs1137288 	T 	C 	T/C 	24 	15 	9 	2 	30381505
rs1485175 	None 	T 	None 	T/T 	200 	None 	None 	3 	7620789
rs3749507 	rs3749507 	A 	G 	A/G 	200 	103 	97 	4 	128565000
rs3108237 	rs3108237 	G 	A 	A/A 	200 	1 	199 	4 	186112111
rs6596422 	None 	G 	None 	G/G 	200 	None 	None 	5 	137426447
rs1700490 	rs1700490 	G 	A 	G/A 	182 	95 	87 	5 	176402401
rs3736782 	None 	C 	None 	C/C 	200 	None 	None 	6 	26505403
rs257376 	None 	G 	None 	G/G 	200 	None 	None 	7 	106799997
rs2241802 	rs2241802 	A 	G 	A/G 	197 	123 	74 	8 	28384712
rs944510 	rs944510 	C 	T 	C/T 	200 	98 	102 	9 	117853022
rs2901343 	None 	C 	None 	C/C 	200 	None 	None 	10 	124457906
rs1446464 	rs1446464 	C 	A 	C/A 	200 	102 	98 	11 	8486310
rs1057908 	rs1057908 	T 	G 	G/G 	69 	0 	69 	12 	49230035
rs9707144 	rs9707144 	T 	C 	T/C 	137 	76 	61 	13 	25356053
rs3814871 	None 	G 	None 	G/G 	200 	None 	None 	14 	71444788
rs1267657 	None 	T 	None 	T/T 	200 	None 	None 	15 	83215251
rs33910368 	rs33910368 	A 	T 	A/T 	139 	75 	64 	16 	70569215
rs3851 	rs3851 	A 	C 	A/C 	64 	36 	28 	17 	4686414
rs9958735 	rs9958735 	T 	C 	C/C 	200 	1 	199 	18 	56247180
rs238148 	rs238148 	C 	T 	T/T 	103 	0 	103 	20 	47850182
rs1053744 	rs1053744 	A 	G 	A/G 	200 	111 	89 	22 	50885775
