/data/diag/samples/Bindevev/Sample_Diag-excap25-14000347101-Bindevev-KIT-Av5.140603_SN586_0192_AC446MACXX/060_delivery/Sample_Diag-excap25-14000347101-Bindevev-KIT-Av5.140603_SN586_0192_AC446MACXX.snp.raw.snpFingerPrintingTest.vcf									
Sample_Diag-excap25-14000347101-Bindevev-KIT-Av5 									
RS	RS	REF	ALT	Genotype	readDepth	allelic depth REF	allelic depth ALT	CHROM	POS
rs786906 	rs786906 	T 	C 	T/C 	200 	102 	98 	1 	89271574
rs2296292 	rs2296292 	A 	C 	A/C 	116 	64 	51 	1 	183086757
rs1137288 	rs1137288 	T 	C 	T/C 	12 	4 	8 	2 	30381505
rs1485175 	rs1485175 	T 	C 	T/C 	200 	110 	89 	3 	7620789
rs3749507 	rs3749507 	A 	G 	G/G 	200 	2 	198 	4 	128565000
rs3108237 	rs3108237 	G 	A 	G/A 	200 	112 	88 	4 	186112111
rs6596422 	rs6596422 	G 	A 	G/A 	159 	100 	59 	5 	137426447
rs1700490 	rs1700490 	G 	A 	G/A 	156 	80 	75 	5 	176402401
rs3736782 	rs3736782 	C 	A 	C/A 	200 	120 	80 	6 	26505403
rs257376 	rs257376 	G 	A 	A/A 	200 	0 	199 	7 	106799997
rs2241802 	rs2241802 	A 	G 	G/G 	167 	0 	167 	8 	28384712
rs944510 	None 	C 	None 	C/C 	200 	None 	None 	9 	117853022
rs2901343 	rs2901343 	C 	T 	T/T 	200 	1 	199 	10 	124457906
rs1446464 	rs1446464 	C 	A 	A/A 	191 	1 	190 	11 	8486310
rs1057908 	rs1057908 	T 	G 	T/G 	59 	37 	22 	12 	49230035
rs9707144 	None 	T 	None 	T/T 	161 	None 	None 	13 	25356053
rs3814871 	None 	G 	None 	G/G 	200 	None 	None 	14 	71444788
rs1267657 	rs1267657 	T 	C 	T/C 	200 	105 	95 	15 	83215251
rs33910368 	rs33910368 	A 	T 	A/T 	144 	89 	55 	16 	70569215
rs3851 	None 	A 	None 	A/A 	48 	None 	None 	17 	4686414
rs9958735 	rs9958735 	T 	C 	T/C 	185 	100 	85 	18 	56247180
rs238148 	rs238148 	C 	T 	T/T 	112 	0 	112 	20 	47850182
rs1053744 	rs1053744 	A 	G 	G/G 	164 	1 	163 	22 	50885775
