/data/diag/samples/EE/Sample_Diag-excap27-14000521001-EE-KIT-Av5.140715_7001448_0269_AC4843ACXX/060_delivery/Sample_Diag-excap27-14000521001-EE-KIT-Av5.140715_7001448_0269_AC4843ACXX.snp.raw.snpFingerPrintingTest.vcf									
Sample_Diag-excap27-14000521001-EE-KIT-Av5 									
RS	RS	REF	ALT	Genotype	readDepth	allelic depth REF	allelic depth ALT	CHROM	POS
rs786906 	rs786906 	T 	C 	T/C 	195 	103 	92 	1 	89271574
rs2296292 	rs2296292 	A 	C 	A/C 	75 	50 	25 	1 	183086757
rs1137288 	rs1137288 	T 	C 	T/C 	12 	5 	7 	2 	30381505
rs1485175 	None 	T 	None 	T/T 	200 	None 	None 	3 	7620789
rs3749507 	None 	A 	None 	A/A 	200 	None 	None 	4 	128565000
rs3108237 	rs3108237 	G 	A 	A/A 	166 	0 	166 	4 	186112111
rs6596422 	None 	G 	None 	G/G 	200 	None 	None 	5 	137426447
rs1700490 	rs1700490 	G 	A 	G/A 	140 	65 	75 	5 	176402401
rs3736782 	rs3736782 	C 	A 	C/A 	180 	93 	86 	6 	26505403
rs257376 	None 	G 	None 	G/G 	200 	None 	None 	7 	106799997
rs2241802 	rs2241802 	A 	G 	A/G 	143 	75 	68 	8 	28384712
rs944510 	rs944510 	C 	T 	C/T 	200 	91 	109 	9 	117853022
rs2901343 	rs2901343 	C 	T 	T/T 	187 	0 	187 	10 	124457906
rs1446464 	rs1446464 	C 	A 	C/A 	184 	95 	89 	11 	8486310
rs1057908 	rs1057908 	T 	G 	G/G 	58 	0 	58 	12 	49230035
rs9707144 	rs9707144 	T 	C 	T/C 	117 	71 	46 	13 	25356053
rs3814871 	rs3814871 	G 	A 	G/A 	200 	117 	83 	14 	71444788
rs1267657 	rs1267657 	T 	C 	T/C 	200 	99 	100 	15 	83215251
rs33910368 	None 	A 	None 	A/A 	155 	None 	None 	16 	70569215
rs3851 	rs3851 	A 	C 	A/C 	53 	32 	19 	17 	4686414
rs9958735 	rs9958735 	T 	C 	C/C 	178 	0 	178 	18 	56247180
rs238148 	None 	C 	None 	C/C 	123 	None 	None 	20 	47850182
rs1053744 	rs1053744 	A 	G 	G/G 	200 	0 	200 	22 	50885775
