/data/diag/samples/Bindevev/Sample_Diag-excap25-14000361301-Bindevev-KIT-Av5.140603_SN586_0192_AC446MACXX/060_delivery/Sample_Diag-excap25-14000361301-Bindevev-KIT-Av5.140603_SN586_0192_AC446MACXX.snp.raw.snpFingerPrintingTest.vcf									
Sample_Diag-excap25-14000361301-Bindevev-KIT-Av5 									
RS	RS	REF	ALT	Genotype	readDepth	allelic depth REF	allelic depth ALT	CHROM	POS
rs786906 	rs786906 	T 	C 	T/C 	168 	83 	85 	1 	89271574
rs2296292 	None 	A 	None 	A/A 	103 	None 	None 	1 	183086757
rs1137288 	rs1137288 	T 	C 	T/C 	12 	5 	7 	2 	30381505
rs1485175 	rs1485175 	T 	C 	C/C 	200 	0 	200 	3 	7620789
rs3749507 	rs3749507 	A 	G 	A/G 	200 	99 	101 	4 	128565000
rs3108237 	rs3108237 	G 	A 	G/A 	200 	115 	85 	4 	186112111
rs6596422 	None 	G 	None 	G/G 	121 	None 	None 	5 	137426447
rs1700490 	rs1700490 	G 	A 	G/A 	162 	73 	89 	5 	176402401
rs3736782 	None 	C 	None 	C/C 	194 	None 	None 	6 	26505403
rs257376 	rs257376 	G 	A 	G/A 	200 	106 	94 	7 	106799997
rs2241802 	rs2241802 	A 	G 	G/G 	142 	0 	142 	8 	28384712
rs944510 	None 	C 	None 	C/C 	200 	None 	None 	9 	117853022
rs2901343 	rs2901343 	C 	T 	T/T 	200 	14 	186 	10 	124457906
rs1446464 	rs1446464 	C 	A 	A/A 	182 	4 	178 	11 	8486310
rs1057908 	rs1057908 	T 	G 	G/G 	42 	1 	40 	12 	49230035
rs9707144 	None 	T 	None 	T/T 	117 	None 	None 	13 	25356053
rs3814871 	rs3814871 	G 	A 	G/A 	200 	112 	88 	14 	71444788
rs1267657 	rs1267657 	T 	C 	T/C 	200 	102 	98 	15 	83215251
rs33910368 	rs33910368 	A 	T 	T/T 	80 	6 	74 	16 	70569215
rs3851 	rs3851 	A 	C 	A/C 	37 	20 	16 	17 	4686414
rs9958735 	rs9958735 	T 	C 	T/C 	190 	92 	98 	18 	56247180
rs238148 	rs238148 	C 	T 	C/T 	82 	10 	72 	20 	47850182
rs1053744 	rs1053744 	A 	G 	G/G 	158 	0 	158 	22 	50885775
