/data/diag/samples/Bindevev/Sample_Diag-excap25-14000342301-Bindevev-KIT-Av5.140603_SN586_0192_AC446MACXX/060_delivery/Sample_Diag-excap25-14000342301-Bindevev-KIT-Av5.140603_SN586_0192_AC446MACXX.snp.raw.snpFingerPrintingTest.vcf									
Sample_Diag-excap25-14000342301-Bindevev-KIT-Av5 									
RS	RS	REF	ALT	Genotype	readDepth	allelic depth REF	allelic depth ALT	CHROM	POS
rs786906 	rs786906 	T 	C 	T/C 	154 	88 	66 	1 	89271574
rs2296292 	rs2296292 	A 	C 	A/C 	81 	44 	37 	1 	183086757
rs1137288 	rs1137288 	T 	C 	T/C 	23 	11 	12 	2 	30381505
rs1485175 	rs1485175 	T 	C 	T/C 	200 	100 	98 	3 	7620789
rs3749507 	rs3749507 	A 	G 	A/G 	200 	98 	101 	4 	128565000
rs3108237 	rs3108237 	G 	A 	G/A 	200 	112 	88 	4 	186112111
rs6596422 	None 	G 	None 	G/G 	166 	None 	None 	5 	137426447
rs1700490 	rs1700490 	G 	A 	A/A 	98 	2 	95 	5 	176402401
rs3736782 	rs3736782 	C 	A 	C/A 	146 	89 	57 	6 	26505403
rs257376 	rs257376 	G 	A 	G/A 	200 	98 	102 	7 	106799997
rs2241802 	rs2241802 	A 	G 	A/G 	117 	63 	54 	8 	28384712
rs944510 	rs944510 	C 	T 	C/T 	200 	96 	104 	9 	117853022
rs2901343 	rs2901343 	C 	T 	C/T 	163 	100 	63 	10 	124457906
rs1446464 	rs1446464 	C 	A 	C/A 	121 	61 	60 	11 	8486310
rs1057908 	None 	T 	None 	T/T 	41 	None 	None 	12 	49230035
rs9707144 	rs9707144 	T 	C 	T/C 	101 	55 	46 	13 	25356053
rs3814871 	rs3814871 	G 	A 	G/A 	200 	103 	97 	14 	71444788
rs1267657 	rs1267657 	T 	C 	T/C 	191 	114 	77 	15 	83215251
rs33910368 	None 	A 	None 	A/A 	100 	None 	None 	16 	70569215
rs3851 	None 	A 	None 	A/A 	46 	None 	None 	17 	4686414
rs9958735 	rs9958735 	T 	C 	T/C 	157 	72 	85 	18 	56247180
rs238148 	rs238148 	C 	T 	T/T 	59 	0 	59 	20 	47850182
rs1053744 	rs1053744 	A 	G 	A/G 	124 	69 	55 	22 	50885775
