/data/diag/samples/EE/Sample_Diag-excap26-14000483501-EE-KIT-Av5.140612_7001448_0264_BC42DJACXX/060_delivery/Sample_Diag-excap26-14000483501-EE-KIT-Av5.140612_7001448_0264_BC42DJACXX.snp.raw.snpFingerPrintingTest.vcf									
Sample_Diag-excap26-14000483501-EE-KIT-Av5 									
RS	RS	REF	ALT	Genotype	readDepth	allelic depth REF	allelic depth ALT	CHROM	POS
rs786906 	rs786906 	T 	C 	T/C 	200 	115 	83 	1 	89271574
rs2296292 	rs2296292 	A 	C 	A/C 	85 	47 	38 	1 	183086757
rs1137288 	None 	T 	None 	T/T 	20 	None 	None 	2 	30381505
rs1485175 	rs1485175 	T 	C 	C/C 	200 	0 	200 	3 	7620789
rs3749507 	None 	A 	None 	A/A 	200 	None 	None 	4 	128565000
rs3108237 	rs3108237 	G 	A 	A/A 	200 	0 	200 	4 	186112111
rs6596422 	rs6596422 	G 	A 	G/A 	183 	107 	76 	5 	137426447
rs1700490 	rs1700490 	G 	A 	G/A 	188 	104 	83 	5 	176402401
rs3736782 	rs3736782 	C 	A 	A/A 	162 	2 	159 	6 	26505403
rs257376 	rs257376 	G 	A 	A/A 	200 	0 	200 	7 	106799997
rs2241802 	rs2241802 	A 	G 	G/G 	153 	0 	153 	8 	28384712
rs944510 	None 	C 	None 	C/C 	200 	None 	None 	9 	117853022
rs2901343 	rs2901343 	C 	T 	C/T 	200 	117 	83 	10 	124457906
rs1446464 	None 	C 	None 	C/C 	200 	None 	None 	11 	8486310
rs1057908 	rs1057908 	T 	G 	T/G 	66 	35 	31 	12 	49230035
rs9707144 	rs9707144 	T 	C 	T/C 	110 	44 	66 	13 	25356053
rs3814871 	rs3814871 	G 	A 	G/A 	200 	102 	98 	14 	71444788
rs1267657 	rs1267657 	T 	C 	T/C 	200 	112 	88 	15 	83215251
rs33910368 	None 	A 	None 	A/A 	150 	None 	None 	16 	70569215
rs3851 	rs3851 	A 	C 	A/C 	60 	25 	35 	17 	4686414
rs9958735 	None 	T 	None 	T/T 	200 	None 	None 	18 	56247180
rs238148 	rs238148 	C 	T 	T/T 	102 	0 	102 	20 	47850182
rs1053744 	rs1053744 	A 	G 	A/G 	197 	116 	81 	22 	50885775
