/data/diag/samples/Bindevev/Sample_Diag-excap25-13001163701-Bindevev-KIT-Av5.140612_7001448_0263_AC4475ACXX/060_delivery/Sample_Diag-excap25-13001163701-Bindevev-KIT-Av5.140612_7001448_0263_AC4475ACXX.snp.raw.snpFingerPrintingTest.vcf									
Sample_Diag-excap25-13001163701-Bindevev-KIT-Av5 									
RS	RS	REF	ALT	Genotype	readDepth	allelic depth REF	allelic depth ALT	CHROM	POS
rs786906 	None 	T 	None 	T/T 	200 	None 	None 	1 	89271574
rs2296292 	rs2296292 	A 	C 	C/C 	80 	0 	80 	1 	183086757
rs1137288 	rs1137288 	T 	C 	T/C 	20 	8 	12 	2 	30381505
rs1485175 	rs1485175 	T 	C 	C/C 	185 	0 	185 	3 	7620789
rs3749507 	rs3749507 	A 	G 	G/G 	200 	0 	200 	4 	128565000
rs3108237 	None 	G 	None 	G/G 	200 	None 	None 	4 	186112111
rs6596422 	None 	G 	None 	G/G 	161 	None 	None 	5 	137426447
rs1700490 	rs1700490 	G 	A 	A/A 	153 	0 	153 	5 	176402401
rs3736782 	rs3736782 	C 	A 	C/A 	175 	100 	75 	6 	26505403
rs257376 	rs257376 	G 	A 	A/A 	200 	1 	199 	7 	106799997
rs2241802 	rs2241802 	A 	G 	G/G 	147 	0 	147 	8 	28384712
rs944510 	None 	C 	None 	C/C 	200 	None 	None 	9 	117853022
rs2901343 	None 	C 	None 	C/C 	200 	None 	None 	10 	124457906
rs1446464 	rs1446464 	C 	A 	C/A 	200 	96 	104 	11 	8486310
rs1057908 	None 	T 	None 	T/T 	51 	None 	None 	12 	49230035
rs9707144 	None 	T 	None 	T/T 	124 	None 	None 	13 	25356053
rs3814871 	None 	G 	None 	G/G 	200 	None 	None 	14 	71444788
rs1267657 	rs1267657 	T 	C 	T/C 	195 	100 	95 	15 	83215251
rs33910368 	rs33910368 	A 	T 	A/T 	106 	53 	53 	16 	70569215
rs3851 	rs3851 	A 	C 	C/C 	35 	0 	34 	17 	4686414
rs9958735 	rs9958735 	T 	C 	T/C 	186 	102 	84 	18 	56247180
rs238148 	rs238148 	C 	T 	T/T 	95 	0 	95 	20 	47850182
rs1053744 	None 	A 	None 	A/A 	184 	None 	None 	22 	50885775
