/data/diag/samples/Ciliopati/Sample_Diag-excap25-14000136501-Ciliopati-KIT-Av5.140603_SN586_0192_AC446MACXX/060_delivery/Sample_Diag-excap25-14000136501-Ciliopati-KIT-Av5.140603_SN586_0192_AC446MACXX.snp.raw.snpFingerPrintingTest.vcf									
Sample_Diag-excap25-14000136501-Ciliopati-KIT-Av5 									
RS	RS	REF	ALT	Genotype	readDepth	allelic depth REF	allelic depth ALT	CHROM	POS
rs786906 	None 	T 	None 	T/T 	151 	None 	None 	1 	89271574
rs2296292 	rs2296292 	A 	C 	A/C 	68 	32 	36 	1 	183086757
rs1137288 	rs1137288 	T 	C 	C/C 	14 	0 	14 	2 	30381505
rs1485175 	rs1485175 	T 	C 	T/C 	184 	87 	97 	3 	7620789
rs3749507 	rs3749507 	A 	G 	G/G 	200 	0 	200 	4 	128565000
rs3108237 	None 	G 	None 	G/G 	200 	None 	None 	4 	186112111
rs6596422 	rs6596422 	G 	A 	G/A 	119 	66 	53 	5 	137426447
rs1700490 	rs1700490 	G 	A 	G/A 	97 	46 	51 	5 	176402401
rs3736782 	rs3736782 	C 	A 	C/A 	132 	66 	66 	6 	26505403
rs257376 	rs257376 	G 	A 	G/A 	200 	115 	85 	7 	106799997
rs2241802 	None 	A 	None 	A/A 	115 	None 	None 	8 	28384712
rs944510 	rs944510 	C 	T 	C/T 	200 	104 	96 	9 	117853022
rs2901343 	None 	C 	None 	C/C 	161 	None 	None 	10 	124457906
rs1446464 	None 	C 	None 	C/C 	166 	None 	None 	11 	8486310
rs1057908 	rs1057908 	T 	G 	G/G 	41 	0 	41 	12 	49230035
rs9707144 	rs9707144 	T 	C 	T/C 	112 	55 	57 	13 	25356053
rs3814871 	rs3814871 	G 	A 	A/A 	173 	1 	172 	14 	71444788
rs1267657 	rs1267657 	T 	C 	C/C 	130 	0 	130 	15 	83215251
rs33910368 	rs33910368 	A 	T 	T/T 	75 	1 	74 	16 	70569215
rs3851 	rs3851 	A 	C 	A/C 	42 	25 	17 	17 	4686414
rs9958735 	rs9958735 	T 	C 	T/C 	145 	76 	69 	18 	56247180
rs238148 	rs238148 	C 	T 	T/T 	64 	0 	64 	20 	47850182
rs1053744 	rs1053744 	A 	G 	G/G 	88 	0 	88 	22 	50885775
