/data/diag/samples/Bindevev/Sample_Diag-excap25-13001100501-Bindevev-KIT-Av5.140603_SN586_0192_AC446MACXX/060_delivery/Sample_Diag-excap25-13001100501-Bindevev-KIT-Av5.140603_SN586_0192_AC446MACXX.snp.raw.snpFingerPrintingTest.vcf									
Sample_Diag-excap25-13001100501-Bindevev-KIT-Av5 									
RS	RS	REF	ALT	Genotype	readDepth	allelic depth REF	allelic depth ALT	CHROM	POS
rs786906 	rs786906 	T 	C 	T/C 	168 	85 	83 	1 	89271574
rs2296292 	rs2296292 	A 	C 	A/C 	106 	61 	45 	1 	183086757
rs1137288 	rs1137288 	T 	C 	T/C 	27 	15 	12 	2 	30381505
rs1485175 	rs1485175 	T 	C 	C/C 	200 	6 	194 	3 	7620789
rs3749507 	None 	A 	None 	A/A 	200 	None 	None 	4 	128565000
rs3108237 	rs3108237 	G 	A 	G/A 	200 	96 	104 	4 	186112111
rs6596422 	rs6596422 	G 	A 	G/A 	185 	103 	82 	5 	137426447
rs1700490 	rs1700490 	G 	A 	G/A 	148 	80 	68 	5 	176402401
rs3736782 	None 	C 	None 	C/C 	185 	None 	None 	6 	26505403
rs257376 	rs257376 	G 	A 	G/A 	200 	110 	90 	7 	106799997
rs2241802 	rs2241802 	A 	G 	A/G 	165 	77 	88 	8 	28384712
rs944510 	rs944510 	C 	T 	C/T 	200 	99 	101 	9 	117853022
rs2901343 	rs2901343 	C 	T 	C/T 	188 	112 	76 	10 	124457906
rs1446464 	None 	C 	None 	C/C 	188 	None 	None 	11 	8486310
rs1057908 	rs1057908 	T 	G 	T/G 	40 	26 	14 	12 	49230035
rs9707144 	None 	T 	None 	T/T 	136 	None 	None 	13 	25356053
rs3814871 	None 	G 	None 	G/G 	200 	None 	None 	14 	71444788
rs1267657 	rs1267657 	T 	C 	T/C 	200 	99 	101 	15 	83215251
rs33910368 	None 	A 	None 	A/A 	121 	None 	None 	16 	70569215
rs3851 	rs3851 	A 	C 	A/C 	55 	29 	25 	17 	4686414
rs9958735 	None 	T 	None 	T/T 	200 	None 	None 	18 	56247180
rs238148 	rs238148 	C 	T 	T/T 	104 	0 	104 	20 	47850182
rs1053744 	rs1053744 	A 	G 	A/G 	185 	101 	84 	22 	50885775
