/data/diag/samples/Bindevev/Sample_Diag-excap25-14000414301-Bindevev-KIT-Av5.140612_7001448_0263_AC4475ACXX/060_delivery/Sample_Diag-excap25-14000414301-Bindevev-KIT-Av5.140612_7001448_0263_AC4475ACXX.snp.raw.snpFingerPrintingTest.vcf									
Sample_Diag-excap25-14000414301-Bindevev-KIT-Av5 									
RS	RS	REF	ALT	Genotype	readDepth	allelic depth REF	allelic depth ALT	CHROM	POS
rs786906 	rs786906 	T 	C 	T/C 	200 	88 	112 	1 	89271574
rs2296292 	rs2296292 	A 	C 	C/C 	106 	0 	106 	1 	183086757
rs1137288 	rs1137288 	T 	C 	C/C 	42 	0 	42 	2 	30381505
rs1485175 	rs1485175 	T 	C 	T/C 	200 	107 	93 	3 	7620789
rs3749507 	rs3749507 	A 	G 	A/G 	200 	117 	83 	4 	128565000
rs3108237 	rs3108237 	G 	A 	G/A 	200 	94 	106 	4 	186112111
rs6596422 	rs6596422 	G 	A 	G/A 	200 	109 	91 	5 	137426447
rs1700490 	rs1700490 	G 	A 	G/A 	175 	98 	77 	5 	176402401
rs3736782 	rs3736782 	C 	A 	A/A 	200 	1 	199 	6 	26505403
rs257376 	rs257376 	G 	A 	G/A 	200 	118 	82 	7 	106799997
rs2241802 	rs2241802 	A 	G 	G/G 	197 	0 	197 	8 	28384712
rs944510 	rs944510 	C 	T 	C/T 	200 	105 	95 	9 	117853022
rs2901343 	None 	C 	None 	C/C 	200 	None 	None 	10 	124457906
rs1446464 	None 	C 	None 	C/C 	200 	None 	None 	11 	8486310
rs1057908 	rs1057908 	T 	G 	T/G 	85 	44 	41 	12 	49230035
rs9707144 	None 	T 	None 	T/T 	179 	None 	None 	13 	25356053
rs3814871 	None 	G 	None 	G/G 	200 	None 	None 	14 	71444788
rs1267657 	rs1267657 	T 	C 	T/C 	200 	112 	88 	15 	83215251
rs33910368 	None 	A 	None 	A/A 	149 	None 	None 	16 	70569215
rs3851 	rs3851 	A 	C 	A/C 	102 	51 	51 	17 	4686414
rs9958735 	None 	T 	None 	T/T 	200 	None 	None 	18 	56247180
rs238148 	rs238148 	C 	T 	T/T 	130 	0 	130 	20 	47850182
rs1053744 	rs1053744 	A 	G 	G/G 	200 	0 	200 	22 	50885775
