/data/diag/samples/Bindevev/Sample_Diag-excap25-13000088601-Bindevev-KIT-Av5.140603_SN586_0192_AC446MACXX/060_delivery/Sample_Diag-excap25-13000088601-Bindevev-KIT-Av5.140603_SN586_0192_AC446MACXX.snp.raw.snpFingerPrintingTest.vcf									
Sample_Diag-excap25-13000088601-Bindevev-KIT-Av5 									
RS	RS	REF	ALT	Genotype	readDepth	allelic depth REF	allelic depth ALT	CHROM	POS
rs786906 	rs786906 	T 	C 	T/C 	179 	89 	89 	1 	89271574
rs2296292 	rs2296292 	A 	C 	A/C 	98 	53 	45 	1 	183086757
rs1137288 	rs1137288 	T 	C 	T/C 	14 	6 	8 	2 	30381505
rs1485175 	rs1485175 	T 	C 	T/C 	179 	94 	85 	3 	7620789
rs3749507 	rs3749507 	A 	G 	A/G 	200 	101 	99 	4 	128565000
rs3108237 	rs3108237 	G 	A 	A/A 	183 	3 	180 	4 	186112111
rs6596422 	rs6596422 	G 	A 	G/A 	153 	76 	77 	5 	137426447
rs1700490 	None 	G 	None 	G/G 	133 	None 	None 	5 	176402401
rs3736782 	None 	C 	None 	C/C 	162 	None 	None 	6 	26505403
rs257376 	rs257376 	G 	A 	A/A 	200 	5 	195 	7 	106799997
rs2241802 	rs2241802 	A 	G 	G/G 	153 	0 	153 	8 	28384712
rs944510 	rs944510 	C 	T 	C/T 	200 	95 	105 	9 	117853022
rs2901343 	None 	C 	None 	C/C 	200 	None 	None 	10 	124457906
rs1446464 	rs1446464 	C 	A 	C/A 	147 	81 	66 	11 	8486310
rs1057908 	rs1057908 	T 	G 	G/G 	38 	1 	37 	12 	49230035
rs9707144 	rs9707144 	T 	C 	T/C 	101 	59 	42 	13 	25356053
rs3814871 	None 	G 	None 	G/G 	200 	None 	None 	14 	71444788
rs1267657 	rs1267657 	T 	C 	T/C 	144 	66 	78 	15 	83215251
rs33910368 	None 	A 	None 	A/A 	92 	None 	None 	16 	70569215
rs3851 	rs3851 	A 	C 	A/C 	44 	25 	19 	17 	4686414
rs9958735 	None 	T 	None 	T/T 	167 	None 	None 	18 	56247180
rs238148 	rs238148 	C 	T 	T/T 	87 	1 	86 	20 	47850182
rs1053744 	rs1053744 	A 	G 	A/G 	155 	94 	61 	22 	50885775
