/data/diag/samples/Ciliopati/Sample_Diag-excap25-14000362101-Ciliopati-KIT-Av5.140603_SN586_0192_AC446MACXX/060_delivery/Sample_Diag-excap25-14000362101-Ciliopati-KIT-Av5.140603_SN586_0192_AC446MACXX.snp.raw.snpFingerPrintingTest.vcf									
Sample_Diag-excap25-14000362101-Ciliopati-KIT-Av5 									
RS	RS	REF	ALT	Genotype	readDepth	allelic depth REF	allelic depth ALT	CHROM	POS
rs786906 	rs786906 	T 	C 	C/C 	179 	3 	175 	1 	89271574
rs2296292 	rs2296292 	A 	C 	A/C 	100 	52 	48 	1 	183086757
rs1137288 	rs1137288 	T 	C 	C/C 	13 	0 	13 	2 	30381505
rs1485175 	rs1485175 	T 	C 	C/C 	200 	0 	200 	3 	7620789
rs3749507 	rs3749507 	A 	G 	A/G 	200 	106 	94 	4 	128565000
rs3108237 	rs3108237 	G 	A 	A/A 	200 	0 	200 	4 	186112111
rs6596422 	rs6596422 	G 	A 	G/A 	161 	82 	79 	5 	137426447
rs1700490 	rs1700490 	G 	A 	G/A 	133 	68 	65 	5 	176402401
rs3736782 	rs3736782 	C 	A 	C/A 	169 	97 	71 	6 	26505403
rs257376 	rs257376 	G 	A 	G/A 	200 	107 	93 	7 	106799997
rs2241802 	rs2241802 	A 	G 	G/G 	151 	0 	151 	8 	28384712
rs944510 	rs944510 	C 	T 	C/T 	200 	105 	94 	9 	117853022
rs2901343 	rs2901343 	C 	T 	T/T 	176 	0 	176 	10 	124457906
rs1446464 	rs1446464 	C 	A 	A/A 	144 	0 	144 	11 	8486310
rs1057908 	None 	T 	None 	T/T 	54 	None 	None 	12 	49230035
rs9707144 	rs9707144 	T 	C 	T/C 	119 	74 	45 	13 	25356053
rs3814871 	rs3814871 	G 	A 	G/A 	200 	117 	83 	14 	71444788
rs1267657 	rs1267657 	T 	C 	C/C 	200 	0 	200 	15 	83215251
rs33910368 	rs33910368 	A 	T 	A/T 	98 	56 	41 	16 	70569215
rs3851 	rs3851 	A 	C 	A/C 	39 	19 	20 	17 	4686414
rs9958735 	rs9958735 	T 	C 	T/C 	181 	96 	85 	18 	56247180
rs238148 	rs238148 	C 	T 	T/T 	93 	0 	93 	20 	47850182
rs1053744 	None 	A 	None 	A/A 	154 	None 	None 	22 	50885775
