/data/diag/samples/HSPogHA/Sample_Diag-excap25-14000154000-HSPogHA-KIT-Av5.140603_SN586_0192_AC446MACXX/060_delivery/Sample_Diag-excap25-14000154000-HSPogHA-KIT-Av5.140603_SN586_0192_AC446MACXX.snp.raw.snpFingerPrintingTest.vcf									
Sample_Diag-excap25-14000154000-HSPogHA-KIT-Av5 									
RS	RS	REF	ALT	Genotype	readDepth	allelic depth REF	allelic depth ALT	CHROM	POS
rs786906 	rs786906 	T 	C 	C/C 	174 	0 	174 	1 	89271574
rs2296292 	rs2296292 	A 	C 	C/C 	72 	0 	72 	1 	183086757
rs1137288 	None 	T 	None 	T/T 	15 	None 	None 	2 	30381505
rs1485175 	rs1485175 	T 	C 	T/C 	200 	111 	88 	3 	7620789
rs3749507 	rs3749507 	A 	G 	A/G 	200 	108 	92 	4 	128565000
rs3108237 	rs3108237 	G 	A 	G/A 	200 	93 	107 	4 	186112111
rs6596422 	rs6596422 	G 	A 	G/A 	129 	64 	65 	5 	137426447
rs1700490 	None 	G 	None 	G/G 	149 	None 	None 	5 	176402401
rs3736782 	rs3736782 	C 	A 	C/A 	144 	66 	78 	6 	26505403
rs257376 	rs257376 	G 	A 	G/A 	200 	107 	93 	7 	106799997
rs2241802 	None 	A 	None 	A/A 	134 	None 	None 	8 	28384712
rs944510 	rs944510 	C 	T 	T/T 	200 	2 	198 	9 	117853022
rs2901343 	rs2901343 	C 	T 	C/T 	162 	94 	68 	10 	124457906
rs1446464 	rs1446464 	C 	A 	C/A 	160 	80 	80 	11 	8486310
rs1057908 	rs1057908 	T 	G 	T/G 	52 	29 	23 	12 	49230035
rs9707144 	None 	T 	None 	T/T 	108 	None 	None 	13 	25356053
rs3814871 	rs3814871 	G 	A 	G/A 	200 	92 	108 	14 	71444788
rs1267657 	rs1267657 	T 	C 	C/C 	142 	2 	140 	15 	83215251
rs33910368 	None 	A 	None 	A/A 	117 	None 	None 	16 	70569215
rs3851 	None 	A 	None 	A/A 	48 	None 	None 	17 	4686414
rs9958735 	rs9958735 	T 	C 	T/C 	166 	100 	66 	18 	56247180
rs238148 	rs238148 	C 	T 	T/T 	47 	0 	47 	20 	47850182
rs1053744 	rs1053744 	A 	G 	G/G 	107 	1 	106 	22 	50885775
