/data/diag/samples/EE/Sample_Diag-excap26-14000506201-EE-KIT-Av5.140612_7001448_0264_BC42DJACXX/060_delivery/Sample_Diag-excap26-14000506201-EE-KIT-Av5.140612_7001448_0264_BC42DJACXX.snp.raw.snpFingerPrintingTest.vcf									
Sample_Diag-excap26-14000506201-EE-KIT-Av5 									
RS	RS	REF	ALT	Genotype	readDepth	allelic depth REF	allelic depth ALT	CHROM	POS
rs786906 	None 	T 	None 	T/T 	200 	None 	None 	1 	89271574
rs2296292 	rs2296292 	A 	C 	A/C 	119 	66 	53 	1 	183086757
rs1137288 	None 	T 	None 	T/T 	13 	None 	None 	2 	30381505
rs1485175 	None 	T 	None 	T/T 	200 	None 	None 	3 	7620789
rs3749507 	None 	A 	None 	A/A 	200 	None 	None 	4 	128565000
rs3108237 	rs3108237 	G 	A 	G/A 	200 	115 	85 	4 	186112111
rs6596422 	rs6596422 	G 	A 	G/A 	176 	84 	92 	5 	137426447
rs1700490 	None 	G 	None 	G/G 	179 	None 	None 	5 	176402401
rs3736782 	rs3736782 	C 	A 	C/A 	183 	90 	93 	6 	26505403
rs257376 	rs257376 	G 	A 	A/A 	200 	0 	199 	7 	106799997
rs2241802 	rs2241802 	A 	G 	A/G 	174 	95 	79 	8 	28384712
rs944510 	rs944510 	C 	T 	C/T 	200 	94 	106 	9 	117853022
rs2901343 	None 	C 	None 	C/C 	200 	None 	None 	10 	124457906
rs1446464 	None 	C 	None 	C/C 	200 	None 	None 	11 	8486310
rs1057908 	rs1057908 	T 	G 	T/G 	51 	23 	28 	12 	49230035
rs9707144 	rs9707144 	T 	C 	T/C 	129 	58 	71 	13 	25356053
rs3814871 	None 	G 	None 	G/G 	200 	None 	None 	14 	71444788
rs1267657 	rs1267657 	T 	C 	T/C 	197 	113 	84 	15 	83215251
rs33910368 	rs33910368 	A 	T 	A/T 	118 	63 	55 	16 	70569215
rs3851 	None 	A 	None 	A/A 	62 	None 	None 	17 	4686414
rs9958735 	rs9958735 	T 	C 	T/C 	200 	96 	104 	18 	56247180
rs238148 	rs238148 	C 	T 	T/T 	96 	1 	95 	20 	47850182
rs1053744 	rs1053744 	A 	G 	A/G 	189 	101 	88 	22 	50885775
