/data/diag/samples/EE/Sample_Diag-excap26-13000606601-EE-KIT-Av5.140612_7001448_0264_BC42DJACXX/060_delivery/Sample_Diag-excap26-13000606601-EE-KIT-Av5.140612_7001448_0264_BC42DJACXX.snp.raw.snpFingerPrintingTest.vcf									
Sample_Diag-excap26-13000606601-EE-KIT-Av5 									
RS	RS	REF	ALT	Genotype	readDepth	allelic depth REF	allelic depth ALT	CHROM	POS
rs786906 	None 	T 	None 	T/T 	200 	None 	None 	1 	89271574
rs2296292 	None 	A 	None 	A/A 	140 	None 	None 	1 	183086757
rs1137288 	rs1137288 	T 	C 	T/C 	28 	17 	11 	2 	30381505
rs1485175 	rs1485175 	T 	C 	C/C 	200 	2 	198 	3 	7620789
rs3749507 	rs3749507 	A 	G 	A/G 	200 	119 	79 	4 	128565000
rs3108237 	rs3108237 	G 	A 	G/A 	200 	107 	93 	4 	186112111
rs6596422 	rs6596422 	G 	A 	G/A 	200 	107 	93 	5 	137426447
rs1700490 	rs1700490 	G 	A 	G/A 	161 	94 	67 	5 	176402401
rs3736782 	None 	C 	None 	C/C 	200 	None 	None 	6 	26505403
rs257376 	rs257376 	G 	A 	G/A 	200 	105 	95 	7 	106799997
rs2241802 	rs2241802 	A 	G 	A/G 	170 	91 	79 	8 	28384712
rs944510 	rs944510 	C 	T 	C/T 	200 	121 	79 	9 	117853022
rs2901343 	None 	C 	None 	C/C 	200 	None 	None 	10 	124457906
rs1446464 	rs1446464 	C 	A 	A/A 	187 	0 	187 	11 	8486310
rs1057908 	None 	T 	None 	T/T 	63 	None 	None 	12 	49230035
rs9707144 	rs9707144 	T 	C 	C/C 	100 	1 	99 	13 	25356053
rs3814871 	None 	G 	None 	G/G 	200 	None 	None 	14 	71444788
rs1267657 	None 	T 	None 	T/T 	200 	None 	None 	15 	83215251
rs33910368 	rs33910368 	A 	T 	T/T 	89 	0 	89 	16 	70569215
rs3851 	rs3851 	A 	C 	C/C 	65 	0 	65 	17 	4686414
rs9958735 	rs9958735 	T 	C 	T/C 	200 	100 	100 	18 	56247180
rs238148 	rs238148 	C 	T 	T/T 	122 	0 	122 	20 	47850182
rs1053744 	None 	A 	None 	A/A 	200 	None 	None 	22 	50885775
