/data/diag/samples/Iktyose/Sample_Diag-excap25-14000138701-Iktyose-KIT-Av5.140603_SN586_0192_AC446MACXX/060_delivery/Sample_Diag-excap25-14000138701-Iktyose-KIT-Av5.140603_SN586_0192_AC446MACXX.snp.raw.snpFingerPrintingTest.vcf									
Sample_Diag-excap25-14000138701-Iktyose-KIT-Av5 									
RS	RS	REF	ALT	Genotype	readDepth	allelic depth REF	allelic depth ALT	CHROM	POS
rs786906 	rs786906 	T 	C 	C/C 	200 	0 	200 	1 	89271574
rs2296292 	None 	A 	None 	A/A 	111 	None 	None 	1 	183086757
rs1137288 	rs1137288 	T 	C 	T/C 	21 	11 	10 	2 	30381505
rs1485175 	None 	T 	None 	T/T 	200 	None 	None 	3 	7620789
rs3749507 	rs3749507 	A 	G 	A/G 	200 	109 	91 	4 	128565000
rs3108237 	None 	G 	None 	G/G 	200 	None 	None 	4 	186112111
rs6596422 	rs6596422 	G 	A 	G/A 	159 	83 	76 	5 	137426447
rs1700490 	rs1700490 	G 	A 	G/A 	146 	80 	66 	5 	176402401
rs3736782 	None 	C 	None 	C/C 	167 	None 	None 	6 	26505403
rs257376 	rs257376 	G 	A 	A/A 	200 	1 	199 	7 	106799997
rs2241802 	rs2241802 	A 	G 	G/G 	140 	1 	139 	8 	28384712
rs944510 	rs944510 	C 	T 	C/T 	200 	111 	89 	9 	117853022
rs2901343 	rs2901343 	C 	T 	C/T 	182 	101 	81 	10 	124457906
rs1446464 	None 	C 	None 	C/C 	200 	None 	None 	11 	8486310
rs1057908 	rs1057908 	T 	G 	T/G 	44 	24 	20 	12 	49230035
rs9707144 	rs9707144 	T 	C 	T/C 	105 	61 	44 	13 	25356053
rs3814871 	rs3814871 	G 	A 	G/A 	200 	93 	107 	14 	71444788
rs1267657 	rs1267657 	T 	C 	C/C 	162 	1 	161 	15 	83215251
rs33910368 	rs33910368 	A 	T 	A/T 	105 	52 	53 	16 	70569215
rs3851 	None 	A 	None 	A/A 	68 	None 	None 	17 	4686414
rs9958735 	rs9958735 	T 	C 	T/C 	188 	100 	88 	18 	56247180
rs238148 	rs238148 	C 	T 	C/T 	95 	42 	53 	20 	47850182
rs1053744 	rs1053744 	A 	G 	G/G 	129 	1 	128 	22 	50885775
