/data/diag/samples/EE/Sample_Diag-excap25-14000432401-EE-KIT-Av5.140603_SN586_0192_AC446MACXX/060_delivery/Sample_Diag-excap25-14000432401-EE-KIT-Av5.140603_SN586_0192_AC446MACXX.snp.raw.snpFingerPrintingTest.vcf									
Sample_Diag-excap25-14000432401-EE-KIT-Av5 									
RS	RS	REF	ALT	Genotype	readDepth	allelic depth REF	allelic depth ALT	CHROM	POS
rs786906 	rs786906 	T 	C 	C/C 	200 	0 	199 	1 	89271574
rs2296292 	rs2296292 	A 	C 	A/C 	94 	49 	45 	1 	183086757
rs1137288 	rs1137288 	T 	C 	T/C 	9 	3 	6 	2 	30381505
rs1485175 	rs1485175 	T 	C 	T/C 	200 	110 	90 	3 	7620789
rs3749507 	rs3749507 	A 	G 	A/G 	200 	125 	75 	4 	128565000
rs3108237 	None 	G 	None 	G/G 	200 	None 	None 	4 	186112111
rs6596422 	rs6596422 	G 	A 	A/A 	147 	0 	147 	5 	137426447
rs1700490 	rs1700490 	G 	A 	G/A 	156 	84 	72 	5 	176402401
rs3736782 	None 	C 	None 	C/C 	167 	None 	None 	6 	26505403
rs257376 	rs257376 	G 	A 	G/A 	200 	113 	86 	7 	106799997
rs2241802 	rs2241802 	A 	G 	A/G 	162 	86 	76 	8 	28384712
rs944510 	rs944510 	C 	T 	C/T 	200 	99 	101 	9 	117853022
rs2901343 	rs2901343 	C 	T 	T/T 	179 	0 	179 	10 	124457906
rs1446464 	rs1446464 	C 	A 	C/A 	186 	88 	98 	11 	8486310
rs1057908 	rs1057908 	T 	G 	T/G 	39 	24 	15 	12 	49230035
rs9707144 	rs9707144 	T 	C 	T/C 	148 	79 	69 	13 	25356053
rs3814871 	None 	G 	None 	G/G 	200 	None 	None 	14 	71444788
rs1267657 	rs1267657 	T 	C 	T/C 	200 	112 	87 	15 	83215251
rs33910368 	rs33910368 	A 	T 	A/T 	109 	48 	61 	16 	70569215
rs3851 	rs3851 	A 	C 	C/C 	39 	0 	39 	17 	4686414
rs9958735 	rs9958735 	T 	C 	C/C 	170 	0 	170 	18 	56247180
rs238148 	rs238148 	C 	T 	C/T 	92 	41 	51 	20 	47850182
rs1053744 	rs1053744 	A 	G 	A/G 	150 	72 	78 	22 	50885775
