/data/diag/samples/EE/Sample_Diag-excap27-14000568901-EE-KIT-Av5.140715_7001448_0269_AC4843ACXX/060_delivery/Sample_Diag-excap27-14000568901-EE-KIT-Av5.140715_7001448_0269_AC4843ACXX.snp.raw.snpFingerPrintingTest.vcf									
Sample_Diag-excap27-14000568901-EE-KIT-Av5 									
RS	RS	REF	ALT	Genotype	readDepth	allelic depth REF	allelic depth ALT	CHROM	POS
rs786906 	rs786906 	T 	C 	C/C 	200 	0 	200 	1 	89271574
rs2296292 	rs2296292 	A 	C 	A/C 	98 	52 	46 	1 	183086757
rs1137288 	rs1137288 	T 	C 	T/C 	31 	16 	15 	2 	30381505
rs1485175 	rs1485175 	T 	C 	T/C 	200 	108 	92 	3 	7620789
rs3749507 	rs3749507 	A 	G 	A/G 	200 	102 	98 	4 	128565000
rs3108237 	rs3108237 	G 	A 	G/A 	200 	118 	82 	4 	186112111
rs6596422 	rs6596422 	G 	A 	G/A 	200 	93 	107 	5 	137426447
rs1700490 	rs1700490 	G 	A 	G/A 	173 	90 	83 	5 	176402401
rs3736782 	None 	C 	None 	C/C 	200 	None 	None 	6 	26505403
rs257376 	None 	G 	None 	G/G 	200 	None 	None 	7 	106799997
rs2241802 	rs2241802 	A 	G 	G/G 	154 	0 	154 	8 	28384712
rs944510 	rs944510 	C 	T 	C/T 	200 	116 	84 	9 	117853022
rs2901343 	rs2901343 	C 	T 	T/T 	188 	0 	188 	10 	124457906
rs1446464 	rs1446464 	C 	A 	C/A 	200 	102 	98 	11 	8486310
rs1057908 	rs1057908 	T 	G 	T/G 	62 	35 	27 	12 	49230035
rs9707144 	None 	T 	None 	T/T 	126 	None 	None 	13 	25356053
rs3814871 	rs3814871 	G 	A 	G/A 	200 	113 	86 	14 	71444788
rs1267657 	rs1267657 	T 	C 	T/C 	200 	106 	94 	15 	83215251
rs33910368 	rs33910368 	A 	T 	A/T 	126 	64 	62 	16 	70569215
rs3851 	rs3851 	A 	C 	A/C 	77 	44 	33 	17 	4686414
rs9958735 	rs9958735 	T 	C 	T/C 	200 	94 	106 	18 	56247180
rs238148 	rs238148 	C 	T 	T/T 	98 	0 	98 	20 	47850182
rs1053744 	rs1053744 	A 	G 	G/G 	197 	0 	196 	22 	50885775
