/data/diag/samples/Bindevev/Sample_Diag-excap25-14000346901-Bindevev-KIT-Av5.140603_SN586_0192_AC446MACXX/060_delivery/Sample_Diag-excap25-14000346901-Bindevev-KIT-Av5.140603_SN586_0192_AC446MACXX.snp.raw.snpFingerPrintingTest.vcf									
Sample_Diag-excap25-14000346901-Bindevev-KIT-Av5 									
RS	RS	REF	ALT	Genotype	readDepth	allelic depth REF	allelic depth ALT	CHROM	POS
rs786906 	rs786906 	T 	C 	C/C 	130 	5 	125 	1 	89271574
rs2296292 	rs2296292 	A 	C 	A/C 	85 	52 	33 	1 	183086757
rs1137288 	rs1137288 	T 	C 	C/C 	23 	1 	22 	2 	30381505
rs1485175 	rs1485175 	T 	C 	C/C 	178 	0 	178 	3 	7620789
rs3749507 	rs3749507 	A 	G 	G/G 	200 	5 	194 	4 	128565000
rs3108237 	None 	G 	None 	G/G 	172 	None 	None 	4 	186112111
rs6596422 	rs6596422 	G 	A 	G/A 	115 	45 	70 	5 	137426447
rs1700490 	rs1700490 	G 	A 	A/A 	86 	3 	83 	5 	176402401
rs3736782 	rs3736782 	C 	A 	C/A 	154 	86 	68 	6 	26505403
rs257376 	rs257376 	G 	A 	G/A 	200 	99 	101 	7 	106799997
rs2241802 	rs2241802 	A 	G 	G/G 	110 	0 	110 	8 	28384712
rs944510 	rs944510 	C 	T 	C/T 	200 	107 	92 	9 	117853022
rs2901343 	None 	C 	None 	C/C 	187 	None 	None 	10 	124457906
rs1446464 	rs1446464 	C 	A 	C/A 	114 	53 	61 	11 	8486310
rs1057908 	None 	T 	None 	T/T 	40 	None 	None 	12 	49230035
rs9707144 	rs9707144 	T 	C 	T/C 	97 	49 	48 	13 	25356053
rs3814871 	None 	G 	None 	G/G 	200 	None 	None 	14 	71444788
rs1267657 	rs1267657 	T 	C 	T/C 	148 	74 	74 	15 	83215251
rs33910368 	rs33910368 	A 	T 	A/T 	82 	42 	40 	16 	70569215
rs3851 	None 	A 	None 	A/A 	54 	None 	None 	17 	4686414
rs9958735 	rs9958735 	T 	C 	C/C 	156 	7 	149 	18 	56247180
rs238148 	None 	C 	None 	C/C 	83 	None 	None 	20 	47850182
rs1053744 	rs1053744 	A 	G 	G/G 	140 	0 	140 	22 	50885775
