/data/diag/samples/EE/Sample_Diag-excap25-14000396800-EE-KIT-Av5.140603_SN586_0192_AC446MACXX/060_delivery/Sample_Diag-excap25-14000396800-EE-KIT-Av5.140603_SN586_0192_AC446MACXX.snp.raw.snpFingerPrintingTest.vcf									
Sample_Diag-excap25-14000396800-EE-KIT-Av5 									
RS	RS	REF	ALT	Genotype	readDepth	allelic depth REF	allelic depth ALT	CHROM	POS
rs786906 	rs786906 	T 	C 	C/C 	151 	1 	150 	1 	89271574
rs2296292 	rs2296292 	A 	C 	C/C 	82 	0 	82 	1 	183086757
rs1137288 	rs1137288 	T 	C 	T/C 	17 	8 	9 	2 	30381505
rs1485175 	rs1485175 	T 	C 	T/C 	198 	105 	93 	3 	7620789
rs3749507 	None 	A 	None 	A/A 	200 	None 	None 	4 	128565000
rs3108237 	None 	G 	None 	G/G 	200 	None 	None 	4 	186112111
rs6596422 	rs6596422 	G 	A 	G/A 	151 	79 	72 	5 	137426447
rs1700490 	rs1700490 	G 	A 	G/A 	114 	61 	52 	5 	176402401
rs3736782 	rs3736782 	C 	A 	A/A 	95 	0 	95 	6 	26505403
rs257376 	rs257376 	G 	A 	G/A 	200 	115 	85 	7 	106799997
rs2241802 	rs2241802 	A 	G 	A/G 	110 	58 	52 	8 	28384712
rs944510 	rs944510 	C 	T 	C/T 	200 	102 	98 	9 	117853022
rs2901343 	rs2901343 	C 	T 	C/T 	146 	77 	69 	10 	124457906
rs1446464 	None 	C 	None 	C/C 	175 	None 	None 	11 	8486310
rs1057908 	rs1057908 	T 	G 	G/G 	36 	0 	36 	12 	49230035
rs9707144 	rs9707144 	T 	C 	T/C 	109 	60 	49 	13 	25356053
rs3814871 	None 	G 	None 	G/G 	200 	None 	None 	14 	71444788
rs1267657 	None 	T 	None 	T/T 	173 	None 	None 	15 	83215251
rs33910368 	rs33910368 	A 	T 	A/T 	80 	39 	41 	16 	70569215
rs3851 	rs3851 	A 	C 	A/C 	42 	23 	19 	17 	4686414
rs9958735 	rs9958735 	T 	C 	T/C 	149 	82 	66 	18 	56247180
rs238148 	rs238148 	C 	T 	T/T 	59 	0 	59 	20 	47850182
rs1053744 	rs1053744 	A 	G 	A/G 	129 	64 	65 	22 	50885775
