/data/diag/samples/EE/Sample_Diag-excap26-14000153901-EE-KIT-Av5.140612_7001448_0264_BC42DJACXX/060_delivery/Sample_Diag-excap26-14000153901-EE-KIT-Av5.140612_7001448_0264_BC42DJACXX.snp.raw.snpFingerPrintingTest.vcf									
Sample_Diag-excap26-14000153901-EE-KIT-Av5 									
RS	RS	REF	ALT	Genotype	readDepth	allelic depth REF	allelic depth ALT	CHROM	POS
rs786906 	rs786906 	T 	C 	T/C 	200 	107 	92 	1 	89271574
rs2296292 	None 	A 	None 	A/A 	113 	None 	None 	1 	183086757
rs1137288 	rs1137288 	T 	C 	C/C 	15 	0 	15 	2 	30381505
rs1485175 	rs1485175 	T 	C 	C/C 	200 	0 	200 	3 	7620789
rs3749507 	rs3749507 	A 	G 	G/G 	200 	0 	200 	4 	128565000
rs3108237 	None 	G 	None 	G/G 	200 	None 	None 	4 	186112111
rs6596422 	rs6596422 	G 	A 	A/A 	165 	0 	165 	5 	137426447
rs1700490 	rs1700490 	G 	A 	A/A 	143 	0 	143 	5 	176402401
rs3736782 	rs3736782 	C 	A 	C/A 	174 	109 	65 	6 	26505403
rs257376 	rs257376 	G 	A 	G/A 	200 	101 	99 	7 	106799997
rs2241802 	rs2241802 	A 	G 	G/G 	147 	0 	146 	8 	28384712
rs944510 	rs944510 	C 	T 	C/T 	200 	91 	109 	9 	117853022
rs2901343 	None 	C 	None 	C/C 	200 	None 	None 	10 	124457906
rs1446464 	rs1446464 	C 	A 	C/A 	200 	96 	104 	11 	8486310
rs1057908 	rs1057908 	T 	G 	G/G 	48 	0 	48 	12 	49230035
rs9707144 	None 	T 	None 	T/T 	122 	None 	None 	13 	25356053
rs3814871 	rs3814871 	G 	A 	G/A 	200 	96 	104 	14 	71444788
rs1267657 	rs1267657 	T 	C 	C/C 	175 	1 	174 	15 	83215251
rs33910368 	rs33910368 	A 	T 	T/T 	91 	0 	91 	16 	70569215
rs3851 	rs3851 	A 	C 	A/C 	63 	34 	29 	17 	4686414
rs9958735 	rs9958735 	T 	C 	T/C 	200 	110 	90 	18 	56247180
rs238148 	rs238148 	C 	T 	T/T 	108 	0 	108 	20 	47850182
rs1053744 	rs1053744 	A 	G 	G/G 	168 	0 	168 	22 	50885775
