/data/diag/samples/EE/Sample_Diag-excap25-14000389001-EE-KIT-Av5.140603_SN586_0192_AC446MACXX/060_delivery/Sample_Diag-excap25-14000389001-EE-KIT-Av5.140603_SN586_0192_AC446MACXX.snp.raw.snpFingerPrintingTest.vcf									
Sample_Diag-excap25-14000389001-EE-KIT-Av5 									
RS	RS	REF	ALT	Genotype	readDepth	allelic depth REF	allelic depth ALT	CHROM	POS
rs786906 	rs786906 	T 	C 	C/C 	156 	1 	155 	1 	89271574
rs2296292 	rs2296292 	A 	C 	A/C 	81 	51 	30 	1 	183086757
rs1137288 	rs1137288 	T 	C 	T/C 	11 	5 	6 	2 	30381505
rs1485175 	rs1485175 	T 	C 	C/C 	179 	0 	179 	3 	7620789
rs3749507 	rs3749507 	A 	G 	A/G 	200 	108 	92 	4 	128565000
rs3108237 	None 	G 	None 	G/G 	200 	None 	None 	4 	186112111
rs6596422 	rs6596422 	G 	A 	G/A 	120 	61 	59 	5 	137426447
rs1700490 	rs1700490 	G 	A 	G/A 	131 	59 	72 	5 	176402401
rs3736782 	rs3736782 	C 	A 	C/A 	121 	60 	61 	6 	26505403
rs257376 	rs257376 	G 	A 	A/A 	200 	5 	195 	7 	106799997
rs2241802 	None 	A 	None 	A/A 	148 	None 	None 	8 	28384712
rs944510 	rs944510 	C 	T 	C/T 	200 	112 	88 	9 	117853022
rs2901343 	None 	C 	None 	C/C 	166 	None 	None 	10 	124457906
rs1446464 	rs1446464 	C 	A 	A/A 	141 	0 	141 	11 	8486310
rs1057908 	None 	T 	None 	T/T 	44 	None 	None 	12 	49230035
rs9707144 	rs9707144 	T 	C 	T/C 	101 	55 	46 	13 	25356053
rs3814871 	rs3814871 	G 	A 	G/A 	200 	129 	71 	14 	71444788
rs1267657 	rs1267657 	T 	C 	T/C 	126 	58 	68 	15 	83215251
rs33910368 	None 	A 	None 	A/A 	88 	None 	None 	16 	70569215
rs3851 	None 	A 	None 	A/A 	39 	None 	None 	17 	4686414
rs9958735 	rs9958735 	T 	C 	T/C 	147 	72 	75 	18 	56247180
rs238148 	rs238148 	C 	T 	T/T 	54 	0 	54 	20 	47850182
rs1053744 	rs1053744 	A 	G 	A/G 	97 	56 	41 	22 	50885775
