/data/diag/samples/EE/Sample_Diag-excap26-14000454201-EE-KIT-Av5.140612_7001448_0264_BC42DJACXX/060_delivery/Sample_Diag-excap26-14000454201-EE-KIT-Av5.140612_7001448_0264_BC42DJACXX.snp.raw.snpFingerPrintingTest.vcf									
Sample_Diag-excap26-14000454201-EE-KIT-Av5 									
RS	RS	REF	ALT	Genotype	readDepth	allelic depth REF	allelic depth ALT	CHROM	POS
rs786906 	rs786906 	T 	C 	T/C 	200 	122 	78 	1 	89271574
rs2296292 	rs2296292 	A 	C 	C/C 	80 	0 	80 	1 	183086757
rs1137288 	None 	T 	None 	T/T 	10 	None 	None 	2 	30381505
rs1485175 	rs1485175 	T 	C 	T/C 	200 	104 	95 	3 	7620789
rs3749507 	None 	A 	None 	A/A 	200 	None 	None 	4 	128565000
rs3108237 	rs3108237 	G 	A 	G/A 	200 	117 	83 	4 	186112111
rs6596422 	None 	G 	None 	G/G 	181 	None 	None 	5 	137426447
rs1700490 	rs1700490 	G 	A 	G/A 	155 	76 	79 	5 	176402401
rs3736782 	rs3736782 	C 	A 	C/A 	149 	91 	57 	6 	26505403
rs257376 	None 	G 	None 	G/G 	200 	None 	None 	7 	106799997
rs2241802 	rs2241802 	A 	G 	G/G 	179 	0 	179 	8 	28384712
rs944510 	rs944510 	C 	T 	C/T 	200 	110 	89 	9 	117853022
rs2901343 	None 	C 	None 	C/C 	200 	None 	None 	10 	124457906
rs1446464 	rs1446464 	C 	A 	C/A 	200 	113 	87 	11 	8486310
rs1057908 	rs1057908 	T 	G 	T/G 	35 	18 	17 	12 	49230035
rs9707144 	None 	T 	None 	T/T 	114 	None 	None 	13 	25356053
rs3814871 	None 	G 	None 	G/G 	200 	None 	None 	14 	71444788
rs1267657 	None 	T 	None 	T/T 	176 	None 	None 	15 	83215251
rs33910368 	None 	A 	None 	A/A 	105 	None 	None 	16 	70569215
rs3851 	rs3851 	A 	C 	C/C 	34 	0 	34 	17 	4686414
rs9958735 	rs9958735 	T 	C 	T/C 	174 	107 	67 	18 	56247180
rs238148 	rs238148 	C 	T 	T/T 	79 	0 	79 	20 	47850182
rs1053744 	rs1053744 	A 	G 	G/G 	129 	0 	128 	22 	50885775
