/data/diag/samples/EE/Sample_Diag-excap26-14000300601-EE-KIT-Av5.140612_7001448_0264_BC42DJACXX/060_delivery/Sample_Diag-excap26-14000300601-EE-KIT-Av5.140612_7001448_0264_BC42DJACXX.snp.raw.snpFingerPrintingTest.vcf									
Sample_Diag-excap26-14000300601-EE-KIT-Av5 									
RS	RS	REF	ALT	Genotype	readDepth	allelic depth REF	allelic depth ALT	CHROM	POS
rs786906 	rs786906 	T 	C 	T/C 	200 	107 	93 	1 	89271574
rs2296292 	rs2296292 	A 	C 	A/C 	109 	59 	50 	1 	183086757
rs1137288 	rs1137288 	T 	C 	T/C 	22 	11 	11 	2 	30381505
rs1485175 	None 	T 	None 	T/T 	200 	None 	None 	3 	7620789
rs3749507 	rs3749507 	A 	G 	G/G 	200 	0 	200 	4 	128565000
rs3108237 	rs3108237 	G 	A 	A/A 	200 	2 	198 	4 	186112111
rs6596422 	rs6596422 	G 	A 	A/A 	180 	0 	180 	5 	137426447
rs1700490 	rs1700490 	G 	A 	G/A 	165 	78 	87 	5 	176402401
rs3736782 	rs3736782 	C 	A 	C/A 	189 	122 	67 	6 	26505403
rs257376 	rs257376 	G 	A 	G/A 	200 	118 	82 	7 	106799997
rs2241802 	rs2241802 	A 	G 	A/G 	187 	93 	94 	8 	28384712
rs944510 	None 	C 	None 	C/C 	200 	None 	None 	9 	117853022
rs2901343 	rs2901343 	C 	T 	C/T 	200 	104 	96 	10 	124457906
rs1446464 	rs1446464 	C 	A 	A/A 	190 	1 	189 	11 	8486310
rs1057908 	rs1057908 	T 	G 	T/G 	69 	34 	35 	12 	49230035
rs9707144 	rs9707144 	T 	C 	T/C 	138 	82 	56 	13 	25356053
rs3814871 	None 	G 	None 	G/G 	200 	None 	None 	14 	71444788
rs1267657 	rs1267657 	T 	C 	T/C 	192 	117 	75 	15 	83215251
rs33910368 	None 	A 	None 	A/A 	120 	None 	None 	16 	70569215
rs3851 	rs3851 	A 	C 	C/C 	57 	0 	57 	17 	4686414
rs9958735 	rs9958735 	T 	C 	C/C 	200 	1 	198 	18 	56247180
rs238148 	rs238148 	C 	T 	C/T 	122 	50 	71 	20 	47850182
rs1053744 	rs1053744 	A 	G 	A/G 	200 	110 	90 	22 	50885775
