/data/diag/samples/EE/Sample_Diag-excap25-14000387400-EE-KIT-Av5.140603_SN586_0192_AC446MACXX/060_delivery/Sample_Diag-excap25-14000387400-EE-KIT-Av5.140603_SN586_0192_AC446MACXX.snp.raw.snpFingerPrintingTest.vcf									
Sample_Diag-excap25-14000387400-EE-KIT-Av5 									
RS	RS	REF	ALT	Genotype	readDepth	allelic depth REF	allelic depth ALT	CHROM	POS
rs786906 	None 	T 	None 	T/T 	200 	None 	None 	1 	89271574
rs2296292 	rs2296292 	A 	C 	C/C 	105 	4 	101 	1 	183086757
rs1137288 	rs1137288 	T 	C 	C/C 	21 	0 	21 	2 	30381505
rs1485175 	rs1485175 	T 	C 	T/C 	200 	104 	96 	3 	7620789
rs3749507 	None 	A 	None 	A/A 	200 	None 	None 	4 	128565000
rs3108237 	rs3108237 	G 	A 	G/A 	200 	97 	103 	4 	186112111
rs6596422 	rs6596422 	G 	A 	G/A 	173 	92 	81 	5 	137426447
rs1700490 	rs1700490 	G 	A 	G/A 	184 	94 	90 	5 	176402401
rs3736782 	rs3736782 	C 	A 	A/A 	155 	3 	152 	6 	26505403
rs257376 	None 	G 	None 	G/G 	200 	None 	None 	7 	106799997
rs2241802 	None 	A 	None 	A/A 	176 	None 	None 	8 	28384712
rs944510 	rs944510 	C 	T 	C/T 	200 	110 	90 	9 	117853022
rs2901343 	rs2901343 	C 	T 	C/T 	197 	111 	86 	10 	124457906
rs1446464 	rs1446464 	C 	A 	C/A 	200 	96 	104 	11 	8486310
rs1057908 	None 	T 	None 	T/T 	56 	None 	None 	12 	49230035
rs9707144 	None 	T 	None 	T/T 	146 	None 	None 	13 	25356053
rs3814871 	rs3814871 	G 	A 	G/A 	200 	111 	89 	14 	71444788
rs1267657 	None 	T 	None 	T/T 	200 	None 	None 	15 	83215251
rs33910368 	None 	A 	None 	A/A 	134 	None 	None 	16 	70569215
rs3851 	rs3851 	A 	C 	C/C 	46 	0 	46 	17 	4686414
rs9958735 	None 	T 	None 	T/T 	200 	None 	None 	18 	56247180
rs238148 	rs238148 	C 	T 	C/T 	72 	38 	34 	20 	47850182
rs1053744 	rs1053744 	A 	G 	A/G 	161 	93 	68 	22 	50885775
