/data/diag/samples/Bindevev/Sample_Diag-excap25-14000373600-Bindevev-KIT-Av5.140603_SN586_0192_AC446MACXX/060_delivery/Sample_Diag-excap25-14000373600-Bindevev-KIT-Av5.140603_SN586_0192_AC446MACXX.snp.raw.snpFingerPrintingTest.vcf									
Sample_Diag-excap25-14000373600-Bindevev-KIT-Av5 									
RS	RS	REF	ALT	Genotype	readDepth	allelic depth REF	allelic depth ALT	CHROM	POS
rs786906 	None 	T 	None 	T/T 	186 	None 	None 	1 	89271574
rs2296292 	rs2296292 	A 	C 	C/C 	64 	1 	63 	1 	183086757
rs1137288 	None 	T 	None 	T/T 	15 	None 	None 	2 	30381505
rs1485175 	None 	T 	None 	T/T 	193 	None 	None 	3 	7620789
rs3749507 	rs3749507 	A 	G 	G/G 	200 	0 	200 	4 	128565000
rs3108237 	rs3108237 	G 	A 	G/A 	200 	114 	86 	4 	186112111
rs6596422 	rs6596422 	G 	A 	A/A 	158 	0 	158 	5 	137426447
rs1700490 	None 	G 	None 	G/G 	140 	None 	None 	5 	176402401
rs3736782 	rs3736782 	C 	A 	C/A 	171 	93 	77 	6 	26505403
rs257376 	rs257376 	G 	A 	A/A 	200 	3 	197 	7 	106799997
rs2241802 	rs2241802 	A 	G 	G/G 	118 	0 	118 	8 	28384712
rs944510 	None 	C 	None 	C/C 	200 	None 	None 	9 	117853022
rs2901343 	None 	C 	None 	C/C 	182 	None 	None 	10 	124457906
rs1446464 	rs1446464 	C 	A 	A/A 	149 	1 	148 	11 	8486310
rs1057908 	None 	T 	None 	T/T 	45 	None 	None 	12 	49230035
rs9707144 	rs9707144 	T 	C 	T/C 	87 	51 	36 	13 	25356053
rs3814871 	None 	G 	None 	G/G 	200 	None 	None 	14 	71444788
rs1267657 	None 	T 	None 	T/T 	180 	None 	None 	15 	83215251
rs33910368 	rs33910368 	A 	T 	T/T 	86 	0 	86 	16 	70569215
rs3851 	None 	A 	None 	A/A 	47 	None 	None 	17 	4686414
rs9958735 	rs9958735 	T 	C 	C/C 	146 	0 	145 	18 	56247180
rs238148 	rs238148 	C 	T 	T/T 	92 	0 	92 	20 	47850182
rs1053744 	None 	A 	None 	A/A 	176 	None 	None 	22 	50885775
