/data/diag/samples/EE/Sample_Diag-excap26-14000443401-EE-KIT-Av5.140612_7001448_0264_BC42DJACXX/060_delivery/Sample_Diag-excap26-14000443401-EE-KIT-Av5.140612_7001448_0264_BC42DJACXX.snp.raw.snpFingerPrintingTest.vcf									
Sample_Diag-excap26-14000443401-EE-KIT-Av5 									
RS	RS	REF	ALT	Genotype	readDepth	allelic depth REF	allelic depth ALT	CHROM	POS
rs786906 	rs786906 	T 	C 	T/C 	200 	106 	93 	1 	89271574
rs2296292 	None 	A 	None 	A/A 	178 	None 	None 	1 	183086757
rs1137288 	None 	T 	None 	T/T 	28 	None 	None 	2 	30381505
rs1485175 	rs1485175 	T 	C 	T/C 	200 	128 	71 	3 	7620789
rs3749507 	rs3749507 	A 	G 	A/G 	200 	95 	105 	4 	128565000
rs3108237 	None 	G 	None 	G/G 	200 	None 	None 	4 	186112111
rs6596422 	rs6596422 	G 	A 	G/A 	200 	116 	84 	5 	137426447
rs1700490 	None 	G 	None 	G/G 	200 	None 	None 	5 	176402401
rs3736782 	None 	C 	None 	C/C 	200 	None 	None 	6 	26505403
rs257376 	None 	G 	None 	G/G 	200 	None 	None 	7 	106799997
rs2241802 	None 	A 	None 	A/A 	200 	None 	None 	8 	28384712
rs944510 	None 	C 	None 	C/C 	200 	None 	None 	9 	117853022
rs2901343 	rs2901343 	C 	T 	C/T 	200 	109 	91 	10 	124457906
rs1446464 	rs1446464 	C 	A 	C/A 	200 	120 	80 	11 	8486310
rs1057908 	rs1057908 	T 	G 	T/G 	97 	64 	33 	12 	49230035
rs9707144 	rs9707144 	T 	C 	T/C 	200 	102 	98 	13 	25356053
rs3814871 	None 	G 	None 	G/G 	200 	None 	None 	14 	71444788
rs1267657 	None 	T 	None 	T/T 	200 	None 	None 	15 	83215251
rs33910368 	rs33910368 	A 	T 	T/T 	170 	0 	170 	16 	70569215
rs3851 	rs3851 	A 	C 	C/C 	80 	0 	80 	17 	4686414
rs9958735 	rs9958735 	T 	C 	C/C 	200 	0 	200 	18 	56247180
rs238148 	rs238148 	C 	T 	T/T 	147 	0 	147 	20 	47850182
rs1053744 	rs1053744 	A 	G 	A/G 	200 	110 	90 	22 	50885775
