/Volumes/data1.odin/001_exome/diagnosticSamples//EE/Sample_Diag-excap18-D05-2264-KIT-AI50Mbv5.131127_D00132_0057_BC36K4ACXX/060_delivery/Sample_Diag-excap18-D05-2264-KIT-AI50Mbv5.131127_D00132_0057_BC36K4ACXX.snp.raw.snpFingerPrintingTest.vcf									
Sample_Diag-excap18-D05-2264-KIT-AI50Mbv5 									
RS	RS	REF	ALT	Genotype	readDepth	allelic depth REF	allelic depth ALT	CHROM	POS
rs786906 	rs786906 	T 	C 	T/C 	185 	92 	93 	1 	89271574
rs2296292 	None 	A 	None 	A/A 	98 	None 	None 	1 	183086757
rs1137288 	rs1137288 	T 	C 	C/C 	34 	0 	34 	2 	30381505
rs1485175 	None 	T 	None 	T/T 	257 	None 	None 	3 	7620789
rs3749507 	None 	A 	None 	None 	None 	None 	None 	4 	128565000
rs3108237 	None 	G 	None 	G/G 	213 	None 	None 	4 	186112111
rs6596422 	rs6596422 	G 	A 	G/A 	187 	84 	103 	5 	137426447
rs1700490 	rs1700490 	G 	A 	A/A 	156 	0 	156 	5 	176402401
rs3736782 	rs3736782 	C 	A 	C/A 	175 	101 	74 	6 	26505403
rs257376 	rs257376 	G 	A 	A/A 	263 	1 	262 	7 	106799997
rs2241802 	rs2241802 	A 	G 	A/G 	197 	96 	101 	8 	28384712
rs944510 	rs944510 	C 	T 	T/T 	289 	1 	288 	9 	117853022
rs2901343 	rs2901343 	C 	T 	T/T 	177 	0 	176 	10 	124457906
rs1446464 	None 	C 	None 	C/C 	226 	None 	None 	11 	8486310
rs1057908 	rs1057908 	T 	G 	T/G 	45 	25 	20 	12 	49230035
rs9707144 	rs9707144 	T 	C 	T/C 	107 	54 	52 	13 	25356053
rs3814871 	None 	G 	None 	G/G 	330 	None 	None 	14 	71444788
rs1267657 	None 	T 	None 	T/T 	204 	None 	None 	15 	83215251
rs33910368 	rs33910368 	A 	T 	A/T 	131 	79 	52 	16 	70569215
rs3851 	None 	A 	None 	A/A 	64 	None 	None 	17 	4686414
rs9958735 	rs9958735 	T 	C 	C/C 	185 	0 	185 	18 	56247180
rs238148 	rs238148 	C 	T 	T/T 	82 	0 	82 	20 	47850182
rs1053744 	rs1053744 	A 	G 	A/G 	173 	87 	86 	22 	50885775
