/Volumes/data1.odin/001_exome/diagnosticSamples//EE/Sample_Diag-excap21-13001136701-EE-KIT-Av5.140403_SN586_0191_AC42MNACXX/060_delivery/Sample_Diag-excap21-13001136701-EE-KIT-Av5.140403_SN586_0191_AC42MNACXX.snp.raw.snpFingerPrintingTest.vcf									
Sample_Diag-excap21-13001136701-EE-KIT-Av5 									
RS	RS	REF	ALT	Genotype	readDepth	allelic depth REF	allelic depth ALT	CHROM	POS
rs786906 	rs786906 	T 	C 	T/C 	170 	98 	72 	1 	89271574
rs2296292 	rs2296292 	A 	C 	A/C 	56 	34 	22 	1 	183086757
rs1137288 	rs1137288 	T 	C 	T/C 	11 	7 	4 	2 	30381505
rs1485175 	None 	T 	None 	T/T 	161 	None 	None 	3 	7620789
rs3749507 	rs3749507 	A 	G 	A/G 	200 	96 	104 	4 	128565000
rs3108237 	rs3108237 	G 	A 	G/A 	158 	87 	71 	4 	186112111
rs6596422 	None 	G 	None 	G/G 	153 	None 	None 	5 	137426447
rs1700490 	rs1700490 	G 	A 	G/A 	115 	60 	55 	5 	176402401
rs3736782 	rs3736782 	C 	A 	C/A 	135 	69 	65 	6 	26505403
rs257376 	rs257376 	G 	A 	G/A 	200 	115 	85 	7 	106799997
rs2241802 	rs2241802 	A 	G 	A/G 	126 	69 	57 	8 	28384712
rs944510 	rs944510 	C 	T 	C/T 	200 	124 	76 	9 	117853022
rs2901343 	None 	C 	None 	C/C 	166 	None 	None 	10 	124457906
rs1446464 	rs1446464 	C 	A 	C/A 	147 	74 	73 	11 	8486310
rs1057908 	rs1057908 	T 	G 	T/G 	53 	29 	24 	12 	49230035
rs9707144 	rs9707144 	T 	C 	T/C 	79 	30 	49 	13 	25356053
rs3814871 	None 	G 	None 	G/G 	200 	None 	None 	14 	71444788
rs1267657 	rs1267657 	T 	C 	T/C 	161 	78 	83 	15 	83215251
rs33910368 	None 	A 	None 	A/A 	88 	None 	None 	16 	70569215
rs3851 	rs3851 	A 	C 	A/C 	51 	32 	19 	17 	4686414
rs9958735 	rs9958735 	T 	C 	T/C 	142 	64 	78 	18 	56247180
rs238148 	rs238148 	C 	T 	C/T 	85 	38 	47 	20 	47850182
rs1053744 	rs1053744 	A 	G 	A/G 	158 	92 	66 	22 	50885775
