/Volumes/data1.odin/001_exome/diagnosticSamples//HSPogHA/Sample_Diag-excap22-14000153500-HSPogHA-KIT-Av5.140326_D00132_0068_AC3UPKACXX/060_delivery/Sample_Diag-excap22-14000153500-HSPogHA-KIT-Av5.140326_D00132_0068_AC3UPKACXX.snp.raw.snpFingerPrintingTest.vcf									
Sample_Diag-excap22-14000153500-HSPogHA-KIT-Av5 									
RS	RS	REF	ALT	Genotype	readDepth	allelic depth REF	allelic depth ALT	CHROM	POS
rs786906 	None 	T 	None 	T/T 	178 	None 	None 	1 	89271574
rs2296292 	rs2296292 	A 	C 	C/C 	89 	0 	89 	1 	183086757
rs1137288 	rs1137288 	T 	C 	T/C 	17 	5 	12 	2 	30381505
rs1485175 	rs1485175 	T 	C 	T/C 	200 	113 	86 	3 	7620789
rs3749507 	rs3749507 	A 	G 	A/G 	200 	109 	91 	4 	128565000
rs3108237 	rs3108237 	G 	A 	G/A 	200 	96 	104 	4 	186112111
rs6596422 	rs6596422 	G 	A 	G/A 	181 	103 	78 	5 	137426447
rs1700490 	rs1700490 	G 	A 	G/A 	141 	80 	61 	5 	176402401
rs3736782 	None 	C 	None 	C/C 	182 	None 	None 	6 	26505403
rs257376 	rs257376 	G 	A 	G/A 	200 	104 	96 	7 	106799997
rs2241802 	rs2241802 	A 	G 	A/G 	153 	83 	70 	8 	28384712
rs944510 	None 	C 	None 	C/C 	200 	None 	None 	9 	117853022
rs2901343 	None 	C 	None 	C/C 	200 	None 	None 	10 	124457906
rs1446464 	rs1446464 	C 	A 	A/A 	175 	3 	172 	11 	8486310
rs1057908 	rs1057908 	T 	G 	T/G 	73 	41 	32 	12 	49230035
rs9707144 	None 	T 	None 	T/T 	103 	None 	None 	13 	25356053
rs3814871 	None 	G 	None 	G/G 	200 	None 	None 	14 	71444788
rs1267657 	None 	T 	None 	T/T 	200 	None 	None 	15 	83215251
rs33910368 	rs33910368 	A 	T 	A/T 	120 	86 	34 	16 	70569215
rs3851 	None 	A 	None 	A/A 	69 	None 	None 	17 	4686414
rs9958735 	rs9958735 	T 	C 	T/C 	186 	97 	89 	18 	56247180
rs238148 	rs238148 	C 	T 	T/T 	95 	0 	95 	20 	47850182
rs1053744 	rs1053744 	A 	G 	G/G 	200 	0 	200 	22 	50885775
