/Volumes/data1.odin/001_exome/diagnosticSamples//EE/Sample_Diag-excap20-13001173300-EE-KIT-Av5.140305_D00132_0066_AC3U4PACXX/060_delivery/Sample_Diag-excap20-13001173300-EE-KIT-Av5.140305_D00132_0066_AC3U4PACXX.snp.raw.snpFingerPrintingTest.vcf									
Sample_Diag-excap20-13001173300-EE-KIT-Av5 									
RS	RS	REF	ALT	Genotype	readDepth	allelic depth REF	allelic depth ALT	CHROM	POS
rs786906 	rs786906 	T 	C 	C/C 	154 	0 	154 	1 	89271574
rs2296292 	rs2296292 	A 	C 	A/C 	98 	48 	50 	1 	183086757
rs1137288 	rs1137288 	T 	C 	T/C 	14 	7 	7 	2 	30381505
rs1485175 	rs1485175 	T 	C 	C/C 	200 	1 	199 	3 	7620789
rs3749507 	rs3749507 	A 	G 	A/G 	200 	107 	93 	4 	128565000
rs3108237 	rs3108237 	G 	A 	G/A 	200 	106 	94 	4 	186112111
rs6596422 	rs6596422 	G 	A 	G/A 	200 	117 	83 	5 	137426447
rs1700490 	rs1700490 	G 	A 	G/A 	160 	95 	65 	5 	176402401
rs3736782 	rs3736782 	C 	A 	C/A 	144 	92 	52 	6 	26505403
rs257376 	rs257376 	G 	A 	A/A 	200 	0 	200 	7 	106799997
rs2241802 	None 	A 	None 	A/A 	175 	None 	None 	8 	28384712
rs944510 	rs944510 	C 	T 	C/T 	200 	112 	87 	9 	117853022
rs2901343 	rs2901343 	C 	T 	C/T 	200 	114 	86 	10 	124457906
rs1446464 	rs1446464 	C 	A 	C/A 	186 	97 	89 	11 	8486310
rs1057908 	rs1057908 	T 	G 	G/G 	73 	0 	73 	12 	49230035
rs9707144 	rs9707144 	T 	C 	C/C 	92 	3 	89 	13 	25356053
rs3814871 	rs3814871 	G 	A 	G/A 	200 	98 	102 	14 	71444788
rs1267657 	None 	T 	None 	T/T 	200 	None 	None 	15 	83215251
rs33910368 	rs33910368 	A 	T 	A/T 	106 	53 	53 	16 	70569215
rs3851 	rs3851 	A 	C 	A/C 	58 	34 	24 	17 	4686414
rs9958735 	rs9958735 	T 	C 	T/C 	200 	99 	101 	18 	56247180
rs238148 	rs238148 	C 	T 	T/T 	98 	0 	98 	20 	47850182
rs1053744 	None 	A 	None 	A/A 	195 	None 	None 	22 	50885775
