/Volumes/data1.odin/001_exome/diagnosticSamples//Bindevev/Sample_Diag-excap24-14000251101-Bindevev-Kit-Av5.140423_D00132_0071_BC42D4ACXX/060_delivery/Sample_Diag-excap24-14000251101-Bindevev-Kit-Av5.140423_D00132_0071_BC42D4ACXX.snp.raw.snpFingerPrintingTest.vcf									
Sample_Diag-excap24-14000251101-Bindevev-Kit-Av5 									
RS	RS	REF	ALT	Genotype	readDepth	allelic depth REF	allelic depth ALT	CHROM	POS
rs786906 	rs786906 	T 	C 	T/C 	154 	77 	77 	1 	89271574
rs2296292 	rs2296292 	A 	C 	A/C 	81 	41 	40 	1 	183086757
rs1137288 	None 	T 	None 	T/T 	15 	None 	None 	2 	30381505
rs1485175 	rs1485175 	T 	C 	T/C 	200 	109 	91 	3 	7620789
rs3749507 	None 	A 	None 	A/A 	200 	None 	None 	4 	128565000
rs3108237 	rs3108237 	G 	A 	G/A 	200 	103 	97 	4 	186112111
rs6596422 	None 	G 	None 	G/G 	133 	None 	None 	5 	137426447
rs1700490 	rs1700490 	G 	A 	A/A 	122 	3 	119 	5 	176402401
rs3736782 	rs3736782 	C 	A 	C/A 	130 	67 	63 	6 	26505403
rs257376 	None 	G 	None 	G/G 	200 	None 	None 	7 	106799997
rs2241802 	None 	A 	None 	A/A 	148 	None 	None 	8 	28384712
rs944510 	None 	C 	None 	C/C 	200 	None 	None 	9 	117853022
rs2901343 	rs2901343 	C 	T 	C/T 	181 	97 	84 	10 	124457906
rs1446464 	None 	C 	None 	C/C 	200 	None 	None 	11 	8486310
rs1057908 	rs1057908 	T 	G 	G/G 	26 	0 	26 	12 	49230035
rs9707144 	rs9707144 	T 	C 	C/C 	98 	1 	97 	13 	25356053
rs3814871 	None 	G 	None 	G/G 	200 	None 	None 	14 	71444788
rs1267657 	None 	T 	None 	T/T 	166 	None 	None 	15 	83215251
rs33910368 	None 	A 	None 	A/A 	101 	None 	None 	16 	70569215
rs3851 	rs3851 	A 	C 	A/C 	44 	23 	21 	17 	4686414
rs9958735 	rs9958735 	T 	C 	T/C 	159 	85 	74 	18 	56247180
rs238148 	rs238148 	C 	T 	C/T 	81 	37 	44 	20 	47850182
rs1053744 	rs1053744 	A 	G 	A/G 	143 	86 	57 	22 	50885775
