/Volumes/data1.odin/001_exome/diagnosticSamples//VaBindevev/Sample_Diag-excap17-13000217701-KIT-AI50Mbv5.131009_7001448_0224_BC2G61ACXX/060_delivery/Sample_Diag-excap17-13000217701-KIT-AI50Mbv5.131009_7001448_0224_BC2G61ACXX.snp.raw.snpFingerPrintingTest.vcf									
Sample_Diag-excap17-13000217701-KIT-AI50Mbv5 									
RS	RS	REF	ALT	Genotype	readDepth	allelic depth REF	allelic depth ALT	CHROM	POS
rs786906 	None 	T 	None 	T/T 	104 	None 	None 	1 	89271574
rs2296292 	rs2296292 	A 	C 	A/C 	113 	57 	55 	1 	183086757
rs1137288 	rs1137288 	T 	C 	T/C 	38 	25 	13 	2 	30381505
rs1485175 	rs1485175 	T 	C 	T/C 	252 	121 	130 	3 	7620789
rs3749507 	None 	A 	None 	None 	None 	None 	None 	4 	128565000
rs3108237 	rs3108237 	G 	A 	G/A 	184 	100 	84 	4 	186112111
rs6596422 	None 	G 	None 	None 	None 	None 	None 	5 	137426447
rs1700490 	rs1700490 	G 	A 	G/A 	166 	94 	72 	5 	176402401
rs3736782 	rs3736782 	C 	A 	C/A 	195 	97 	98 	6 	26505403
rs257376 	rs257376 	G 	A 	G/A 	252 	125 	127 	7 	106799997
rs2241802 	None 	A 	None 	A/A 	177 	None 	None 	8 	28384712
rs944510 	None 	C 	None 	None 	None 	None 	None 	9 	117853022
rs2901343 	rs2901343 	C 	T 	C/T 	233 	133 	100 	10 	124457906
rs1446464 	None 	C 	None 	C/C 	174 	None 	None 	11 	8486310
rs1057908 	rs1057908 	T 	G 	T/G 	67 	35 	32 	12 	49230035
rs9707144 	rs9707144 	T 	C 	T/C 	58 	26 	32 	13 	25356053
rs3814871 	None 	G 	None 	G/G 	374 	None 	None 	14 	71444788
rs1267657 	None 	T 	None 	T/T 	226 	None 	None 	15 	83215251
rs33910368 	rs33910368 	A 	T 	A/T 	143 	80 	63 	16 	70569215
rs3851 	rs3851 	A 	C 	A/C 	73 	41 	32 	17 	4686414
rs9958735 	None 	T 	None 	T/T 	239 	None 	None 	18 	56247180
rs238148 	rs238148 	C 	T 	T/T 	121 	0 	121 	20 	47850182
rs1053744 	rs1053744 	A 	G 	A/G 	216 	107 	109 	22 	50885775
