/Volumes/data1.odin/001_exome/diagnosticSamples//HSPogHA/Sample_Diag-excap24-14000152702-HSPogHA-Kit-Av5.140423_D00132_0071_BC42D4ACXX/060_delivery/Sample_Diag-excap24-14000152702-HSPogHA-Kit-Av5.140423_D00132_0071_BC42D4ACXX.snp.raw.snpFingerPrintingTest.vcf									
Sample_Diag-excap24-14000152702-HSPogHA-Kit-Av5 									
RS	RS	REF	ALT	Genotype	readDepth	allelic depth REF	allelic depth ALT	CHROM	POS
rs786906 	rs786906 	T 	C 	T/C 	200 	107 	93 	1 	89271574
rs2296292 	rs2296292 	A 	C 	A/C 	107 	56 	51 	1 	183086757
rs1137288 	rs1137288 	T 	C 	T/C 	24 	12 	12 	2 	30381505
rs1485175 	None 	T 	None 	T/T 	200 	None 	None 	3 	7620789
rs3749507 	rs3749507 	A 	G 	G/G 	200 	0 	200 	4 	128565000
rs3108237 	rs3108237 	G 	A 	G/A 	200 	100 	100 	4 	186112111
rs6596422 	None 	G 	None 	G/G 	151 	None 	None 	5 	137426447
rs1700490 	rs1700490 	G 	A 	G/A 	130 	69 	61 	5 	176402401
rs3736782 	None 	C 	None 	C/C 	153 	None 	None 	6 	26505403
rs257376 	rs257376 	G 	A 	A/A 	200 	0 	200 	7 	106799997
rs2241802 	None 	A 	None 	A/A 	144 	None 	None 	8 	28384712
rs944510 	rs944510 	C 	T 	C/T 	200 	101 	99 	9 	117853022
rs2901343 	rs2901343 	C 	T 	T/T 	150 	0 	150 	10 	124457906
rs1446464 	rs1446464 	C 	A 	A/A 	170 	1 	169 	11 	8486310
rs1057908 	None 	T 	None 	T/T 	57 	None 	None 	12 	49230035
rs9707144 	None 	T 	None 	T/T 	109 	None 	None 	13 	25356053
rs3814871 	rs3814871 	G 	A 	G/A 	200 	106 	94 	14 	71444788
rs1267657 	rs1267657 	T 	C 	T/C 	200 	106 	94 	15 	83215251
rs33910368 	rs33910368 	A 	T 	T/T 	89 	0 	89 	16 	70569215
rs3851 	rs3851 	A 	C 	C/C 	36 	0 	36 	17 	4686414
rs9958735 	rs9958735 	T 	C 	T/C 	188 	105 	83 	18 	56247180
rs238148 	rs238148 	C 	T 	C/T 	99 	43 	56 	20 	47850182
rs1053744 	rs1053744 	A 	G 	G/G 	140 	0 	140 	22 	50885775
