/Volumes/data1.odin/001_exome/diagnosticSamples//EE/Sample_Diag-excap17-13000657400-KIT-AI50Mbv5.131009_7001448_0223_AC2G2UACXX/060_delivery/Sample_Diag-excap17-13000657400-KIT-AI50Mbv5.131009_7001448_0223_AC2G2UACXX.snp.raw.snpFingerPrintingTest.vcf									
Sample_Diag-excap17-13000657400-KIT-AI50Mbv5 									
RS	RS	REF	ALT	Genotype	readDepth	allelic depth REF	allelic depth ALT	CHROM	POS
rs786906 	rs786906 	T 	C 	T/C 	108 	63 	45 	1 	89271574
rs2296292 	rs2296292 	A 	C 	A/C 	122 	67 	55 	1 	183086757
rs1137288 	None 	T 	None 	T/T 	48 	None 	None 	2 	30381505
rs1485175 	rs1485175 	T 	C 	T/C 	275 	147 	128 	3 	7620789
rs3749507 	rs3749507 	A 	G 	A/G 	356 	187 	169 	4 	128565000
rs3108237 	None 	G 	None 	G/G 	208 	None 	None 	4 	186112111
rs6596422 	None 	G 	None 	None 	None 	None 	None 	5 	137426447
rs1700490 	rs1700490 	G 	A 	A/A 	183 	0 	183 	5 	176402401
rs3736782 	rs3736782 	C 	A 	A/A 	172 	0 	172 	6 	26505403
rs257376 	rs257376 	G 	A 	G/A 	261 	131 	127 	7 	106799997
rs2241802 	rs2241802 	A 	G 	G/G 	147 	0 	147 	8 	28384712
rs944510 	None 	C 	None 	None 	None 	None 	None 	9 	117853022
rs2901343 	rs2901343 	C 	T 	T/T 	234 	0 	234 	10 	124457906
rs1446464 	None 	C 	None 	C/C 	189 	None 	None 	11 	8486310
rs1057908 	rs1057908 	T 	G 	T/G 	65 	41 	24 	12 	49230035
rs9707144 	rs9707144 	T 	C 	T/C 	57 	40 	17 	13 	25356053
rs3814871 	rs3814871 	G 	A 	A/A 	381 	0 	381 	14 	71444788
rs1267657 	rs1267657 	T 	C 	T/C 	238 	124 	114 	15 	83215251
rs33910368 	rs33910368 	A 	T 	A/T 	161 	100 	61 	16 	70569215
rs3851 	None 	A 	None 	A/A 	102 	None 	None 	17 	4686414
rs9958735 	rs9958735 	T 	C 	T/C 	220 	120 	100 	18 	56247180
rs238148 	rs238148 	C 	T 	T/T 	124 	0 	124 	20 	47850182
rs1053744 	rs1053744 	A 	G 	G/G 	185 	0 	185 	22 	50885775
