/Volumes/data1.odin/001_exome/diagnosticSamples//PCD/Sample_Diag-excap21-D04-1866-PCD-KIT-Av5.140403_SN586_0191_AC42MNACXX/060_delivery/Sample_Diag-excap21-D04-1866-PCD-KIT-Av5.140403_SN586_0191_AC42MNACXX.snp.raw.snpFingerPrintingTest.vcf									
Sample_Diag-excap21-D04-1866-PCD-KIT-Av5 									
RS	RS	REF	ALT	Genotype	readDepth	allelic depth REF	allelic depth ALT	CHROM	POS
rs786906 	rs786906 	T 	C 	C/C 	165 	0 	165 	1 	89271574
rs2296292 	rs2296292 	A 	C 	A/C 	63 	37 	26 	1 	183086757
rs1137288 	rs1137288 	T 	C 	T/C 	19 	11 	8 	2 	30381505
rs1485175 	None 	T 	None 	T/T 	197 	None 	None 	3 	7620789
rs3749507 	rs3749507 	A 	G 	G/G 	174 	0 	174 	4 	128565000
rs3108237 	rs3108237 	G 	A 	G/A 	197 	108 	89 	4 	186112111
rs6596422 	None 	G 	None 	G/G 	158 	None 	None 	5 	137426447
rs1700490 	None 	G 	None 	G/G 	145 	None 	None 	5 	176402401
rs3736782 	rs3736782 	C 	A 	C/A 	140 	79 	61 	6 	26505403
rs257376 	None 	G 	None 	G/G 	200 	None 	None 	7 	106799997
rs2241802 	rs2241802 	A 	G 	G/G 	123 	0 	123 	8 	28384712
rs944510 	rs944510 	C 	T 	C/T 	200 	112 	88 	9 	117853022
rs2901343 	rs2901343 	C 	T 	T/T 	137 	0 	137 	10 	124457906
rs1446464 	None 	C 	None 	C/C 	160 	None 	None 	11 	8486310
rs1057908 	None 	T 	None 	T/T 	45 	None 	None 	12 	49230035
rs9707144 	rs9707144 	T 	C 	T/C 	86 	49 	37 	13 	25356053
rs3814871 	rs3814871 	G 	A 	G/A 	200 	103 	97 	14 	71444788
rs1267657 	rs1267657 	T 	C 	T/C 	200 	115 	85 	15 	83215251
rs33910368 	rs33910368 	A 	T 	A/T 	103 	56 	47 	16 	70569215
rs3851 	rs3851 	A 	C 	C/C 	44 	0 	44 	17 	4686414
rs9958735 	rs9958735 	T 	C 	T/C 	151 	85 	66 	18 	56247180
rs238148 	rs238148 	C 	T 	T/T 	74 	0 	74 	20 	47850182
rs1053744 	None 	A 	None 	A/A 	200 	None 	None 	22 	50885775
