/Volumes/data1.odin/001_exome/diagnosticSamples//EE/Sample_Diag-excap24-14000252901-EE-Kit-Av5.140423_D00132_0071_BC42D4ACXX/060_delivery/Sample_Diag-excap24-14000252901-EE-Kit-Av5.140423_D00132_0071_BC42D4ACXX.snp.raw.snpFingerPrintingTest.vcf									
Sample_Diag-excap24-14000252901-EE-Kit-Av5 									
RS	RS	REF	ALT	Genotype	readDepth	allelic depth REF	allelic depth ALT	CHROM	POS
rs786906 	None 	T 	None 	T/T 	200 	None 	None 	1 	89271574
rs2296292 	rs2296292 	A 	C 	C/C 	93 	0 	93 	1 	183086757
rs1137288 	rs1137288 	T 	C 	T/C 	13 	7 	6 	2 	30381505
rs1485175 	rs1485175 	T 	C 	C/C 	200 	0 	200 	3 	7620789
rs3749507 	rs3749507 	A 	G 	G/G 	200 	0 	200 	4 	128565000
rs3108237 	None 	G 	None 	G/G 	200 	None 	None 	4 	186112111
rs6596422 	rs6596422 	G 	A 	G/A 	184 	92 	92 	5 	137426447
rs1700490 	rs1700490 	G 	A 	A/A 	175 	0 	175 	5 	176402401
rs3736782 	rs3736782 	C 	A 	C/A 	181 	102 	79 	6 	26505403
rs257376 	rs257376 	G 	A 	G/A 	200 	117 	83 	7 	106799997
rs2241802 	rs2241802 	A 	G 	G/G 	171 	0 	171 	8 	28384712
rs944510 	rs944510 	C 	T 	T/T 	200 	0 	200 	9 	117853022
rs2901343 	rs2901343 	C 	T 	C/T 	200 	107 	93 	10 	124457906
rs1446464 	rs1446464 	C 	A 	C/A 	200 	99 	101 	11 	8486310
rs1057908 	rs1057908 	T 	G 	T/G 	54 	28 	26 	12 	49230035
rs9707144 	None 	T 	None 	T/T 	131 	None 	None 	13 	25356053
rs3814871 	rs3814871 	G 	A 	G/A 	200 	97 	103 	14 	71444788
rs1267657 	rs1267657 	T 	C 	T/C 	197 	109 	88 	15 	83215251
rs33910368 	rs33910368 	A 	T 	A/T 	125 	67 	58 	16 	70569215
rs3851 	None 	A 	None 	A/A 	44 	None 	None 	17 	4686414
rs9958735 	rs9958735 	T 	C 	T/C 	200 	111 	89 	18 	56247180
rs238148 	rs238148 	C 	T 	T/T 	93 	1 	92 	20 	47850182
rs1053744 	None 	A 	None 	A/A 	153 	None 	None 	22 	50885775
