/Volumes/data1.odin/001_exome/diagnosticSamples//Iktyose/Sample_Diag-excap22-13001135601-Iktyose-KIT-Av5.140402_7001448_0259_AC3UNPACXX/060_delivery/Sample_Diag-excap22-13001135601-Iktyose-KIT-Av5.140402_7001448_0259_AC3UNPACXX.snp.raw.snpFingerPrintingTest.vcf									
Sample_Diag-excap22-13001135601-Iktyose-KIT-Av5 									
RS	RS	REF	ALT	Genotype	readDepth	allelic depth REF	allelic depth ALT	CHROM	POS
rs786906 	rs786906 	T 	C 	C/C 	182 	0 	181 	1 	89271574
rs2296292 	rs2296292 	A 	C 	C/C 	93 	0 	93 	1 	183086757
rs1137288 	rs1137288 	T 	C 	T/C 	23 	13 	10 	2 	30381505
rs1485175 	None 	T 	None 	T/T 	200 	None 	None 	3 	7620789
rs3749507 	None 	A 	None 	A/A 	200 	None 	None 	4 	128565000
rs3108237 	None 	G 	None 	G/G 	200 	None 	None 	4 	186112111
rs6596422 	rs6596422 	G 	A 	A/A 	166 	0 	166 	5 	137426447
rs1700490 	rs1700490 	G 	A 	G/A 	157 	86 	71 	5 	176402401
rs3736782 	rs3736782 	C 	A 	C/A 	168 	102 	66 	6 	26505403
rs257376 	rs257376 	G 	A 	G/A 	200 	102 	98 	7 	106799997
rs2241802 	rs2241802 	A 	G 	G/G 	133 	0 	133 	8 	28384712
rs944510 	None 	C 	None 	C/C 	200 	None 	None 	9 	117853022
rs2901343 	rs2901343 	C 	T 	T/T 	174 	0 	174 	10 	124457906
rs1446464 	None 	C 	None 	C/C 	200 	None 	None 	11 	8486310
rs1057908 	None 	T 	None 	T/T 	49 	None 	None 	12 	49230035
rs9707144 	rs9707144 	T 	C 	C/C 	110 	0 	110 	13 	25356053
rs3814871 	None 	G 	None 	G/G 	200 	None 	None 	14 	71444788
rs1267657 	rs1267657 	T 	C 	C/C 	200 	0 	200 	15 	83215251
rs33910368 	rs33910368 	A 	T 	T/T 	94 	0 	94 	16 	70569215
rs3851 	rs3851 	A 	C 	A/C 	59 	38 	21 	17 	4686414
rs9958735 	rs9958735 	T 	C 	C/C 	168 	0 	168 	18 	56247180
rs238148 	rs238148 	C 	T 	T/T 	98 	0 	98 	20 	47850182
rs1053744 	rs1053744 	A 	G 	G/G 	193 	0 	193 	22 	50885775
