/Volumes/data1.odin/001_exome/diagnosticSamples//Iktyose/Sample_Diag-excap23-14000297500-Iktyose-Kit-Av5.140423_D00132_0070_AC3V6MACXX/060_delivery/Sample_Diag-excap23-14000297500-Iktyose-Kit-Av5.140423_D00132_0070_AC3V6MACXX.snp.raw.snpFingerPrintingTest.vcf									
Sample_Diag-excap23-14000297500-Iktyose-Kit-Av5 									
RS	RS	REF	ALT	Genotype	readDepth	allelic depth REF	allelic depth ALT	CHROM	POS
rs786906 	rs786906 	T 	C 	T/C 	200 	89 	111 	1 	89271574
rs2296292 	None 	A 	None 	A/A 	120 	None 	None 	1 	183086757
rs1137288 	rs1137288 	T 	C 	C/C 	27 	0 	27 	2 	30381505
rs1485175 	rs1485175 	T 	C 	T/C 	200 	109 	91 	3 	7620789
rs3749507 	None 	A 	None 	A/A 	200 	None 	None 	4 	128565000
rs3108237 	rs3108237 	G 	A 	A/A 	200 	1 	199 	4 	186112111
rs6596422 	None 	G 	None 	G/G 	200 	None 	None 	5 	137426447
rs1700490 	None 	G 	None 	G/G 	200 	None 	None 	5 	176402401
rs3736782 	rs3736782 	C 	A 	A/A 	127 	1 	126 	6 	26505403
rs257376 	rs257376 	G 	A 	G/A 	200 	122 	78 	7 	106799997
rs2241802 	None 	A 	None 	A/A 	186 	None 	None 	8 	28384712
rs944510 	rs944510 	C 	T 	C/T 	200 	100 	100 	9 	117853022
rs2901343 	None 	C 	None 	C/C 	200 	None 	None 	10 	124457906
rs1446464 	rs1446464 	C 	A 	A/A 	200 	0 	200 	11 	8486310
rs1057908 	rs1057908 	T 	G 	T/G 	59 	28 	31 	12 	49230035
rs9707144 	None 	T 	None 	T/T 	127 	None 	None 	13 	25356053
rs3814871 	rs3814871 	G 	A 	G/A 	200 	104 	96 	14 	71444788
rs1267657 	rs1267657 	T 	C 	T/C 	200 	117 	83 	15 	83215251
rs33910368 	None 	A 	None 	A/A 	129 	None 	None 	16 	70569215
rs3851 	None 	A 	None 	A/A 	99 	None 	None 	17 	4686414
rs9958735 	rs9958735 	T 	C 	C/C 	200 	0 	200 	18 	56247180
rs238148 	rs238148 	C 	T 	T/T 	117 	0 	117 	20 	47850182
rs1053744 	rs1053744 	A 	G 	A/G 	200 	128 	72 	22 	50885775
