/Volumes/data1.odin/001_exome/diagnosticSamples//Bindevev/Sample_Diag-excap17-13000055302-KIT-AI50Mbv5.131009_7001448_0223_AC2G2UACXX/060_delivery/Sample_Diag-excap17-13000055302-KIT-AI50Mbv5.131009_7001448_0223_AC2G2UACXX.snp.raw.snpFingerPrintingTest.vcf									
Sample_Diag-excap17-13000055302-KIT-AI50Mbv5 									
RS	RS	REF	ALT	Genotype	readDepth	allelic depth REF	allelic depth ALT	CHROM	POS
rs786906 	rs786906 	T 	C 	T/C 	108 	60 	48 	1 	89271574
rs2296292 	rs2296292 	A 	C 	A/C 	121 	66 	55 	1 	183086757
rs1137288 	rs1137288 	T 	C 	C/C 	57 	1 	56 	2 	30381505
rs1485175 	rs1485175 	T 	C 	C/C 	253 	0 	253 	3 	7620789
rs3749507 	None 	A 	None 	None 	None 	None 	None 	4 	128565000
rs3108237 	rs3108237 	G 	A 	G/A 	211 	124 	87 	4 	186112111
rs6596422 	rs6596422 	G 	A 	A/A 	205 	0 	205 	5 	137426447
rs1700490 	rs1700490 	G 	A 	G/A 	121 	62 	59 	5 	176402401
rs3736782 	rs3736782 	C 	A 	C/A 	193 	105 	88 	6 	26505403
rs257376 	rs257376 	G 	A 	A/A 	233 	1 	232 	7 	106799997
rs2241802 	rs2241802 	A 	G 	A/G 	178 	93 	85 	8 	28384712
rs944510 	None 	C 	None 	None 	None 	None 	None 	9 	117853022
rs2901343 	rs2901343 	C 	T 	C/T 	217 	122 	95 	10 	124457906
rs1446464 	None 	C 	None 	C/C 	178 	None 	None 	11 	8486310
rs1057908 	rs1057908 	T 	G 	T/G 	78 	45 	33 	12 	49230035
rs9707144 	rs9707144 	T 	C 	T/C 	63 	32 	31 	13 	25356053
rs3814871 	None 	G 	None 	None 	None 	None 	None 	14 	71444788
rs1267657 	rs1267657 	T 	C 	T/C 	243 	128 	115 	15 	83215251
rs33910368 	rs33910368 	A 	T 	A/T 	143 	74 	69 	16 	70569215
rs3851 	rs3851 	A 	C 	A/C 	99 	57 	42 	17 	4686414
rs9958735 	rs9958735 	T 	C 	T/C 	194 	95 	99 	18 	56247180
rs238148 	rs238148 	C 	T 	C/T 	121 	60 	61 	20 	47850182
rs1053744 	rs1053744 	A 	G 	A/G 	212 	113 	99 	22 	50885775
