/Volumes/data1.odin/001_exome/diagnosticSamples//LMBB/Sample_Diag-excap19-13000882300-LMBB-KIT-Av5.140103_7001448_0252_BC3F4UACXX/060_delivery/Sample_Diag-excap19-13000882300-LMBB-KIT-Av5.140103_7001448_0252_BC3F4UACXX.snp.raw.snpFingerPrintingTest.vcf									
Sample_Diag-excap19-13000882300-LMBB-KIT-Av5 									
RS	RS	REF	ALT	Genotype	readDepth	allelic depth REF	allelic depth ALT	CHROM	POS
rs786906 	rs786906 	T 	C 	C/C 	179 	0 	179 	1 	89271574
rs2296292 	rs2296292 	A 	C 	C/C 	102 	0 	102 	1 	183086757
rs1137288 	rs1137288 	T 	C 	C/C 	35 	0 	35 	2 	30381505
rs1485175 	rs1485175 	T 	C 	T/C 	200 	104 	96 	3 	7620789
rs3749507 	rs3749507 	A 	G 	A/G 	200 	101 	99 	4 	128565000
rs3108237 	rs3108237 	G 	A 	G/A 	200 	105 	95 	4 	186112111
rs6596422 	None 	G 	None 	G/G 	199 	None 	None 	5 	137426447
rs1700490 	rs1700490 	G 	A 	G/A 	195 	108 	87 	5 	176402401
rs3736782 	rs3736782 	C 	A 	C/A 	200 	115 	85 	6 	26505403
rs257376 	rs257376 	G 	A 	G/A 	200 	106 	94 	7 	106799997
rs2241802 	None 	A 	None 	A/A 	188 	None 	None 	8 	28384712
rs944510 	None 	C 	None 	C/C 	200 	None 	None 	9 	117853022
rs2901343 	rs2901343 	C 	T 	C/T 	200 	104 	95 	10 	124457906
rs1446464 	rs1446464 	C 	A 	C/A 	200 	100 	100 	11 	8486310
rs1057908 	rs1057908 	T 	G 	T/G 	65 	33 	32 	12 	49230035
rs9707144 	None 	T 	None 	T/T 	114 	None 	None 	13 	25356053
rs3814871 	None 	G 	None 	G/G 	200 	None 	None 	14 	71444788
rs1267657 	rs1267657 	T 	C 	T/C 	200 	117 	83 	15 	83215251
rs33910368 	rs33910368 	A 	T 	A/T 	160 	72 	87 	16 	70569215
rs3851 	None 	A 	None 	A/A 	77 	None 	None 	17 	4686414
rs9958735 	None 	T 	None 	T/T 	200 	None 	None 	18 	56247180
rs238148 	rs238148 	C 	T 	C/T 	111 	58 	53 	20 	47850182
rs1053744 	None 	A 	None 	A/A 	193 	None 	None 	22 	50885775
