/Volumes/data1.odin/001_exome/diagnosticSamples//HSPogHA/Sample_Diag-excap22-14000154200-HSPogHA-KIT-Av5.140402_7001448_0259_AC3UNPACXX/060_delivery/Sample_Diag-excap22-14000154200-HSPogHA-KIT-Av5.140402_7001448_0259_AC3UNPACXX.snp.raw.snpFingerPrintingTest.vcf									
Sample_Diag-excap22-14000154200-HSPogHA-KIT-Av5 									
RS	RS	REF	ALT	Genotype	readDepth	allelic depth REF	allelic depth ALT	CHROM	POS
rs786906 	None 	T 	None 	T/T 	200 	None 	None 	1 	89271574
rs2296292 	rs2296292 	A 	C 	A/C 	110 	49 	61 	1 	183086757
rs1137288 	None 	T 	None 	T/T 	20 	None 	None 	2 	30381505
rs1485175 	rs1485175 	T 	C 	T/C 	200 	105 	95 	3 	7620789
rs3749507 	None 	A 	None 	A/A 	200 	None 	None 	4 	128565000
rs3108237 	rs3108237 	G 	A 	G/A 	200 	97 	103 	4 	186112111
rs6596422 	rs6596422 	G 	A 	G/A 	195 	105 	90 	5 	137426447
rs1700490 	rs1700490 	G 	A 	G/A 	195 	98 	97 	5 	176402401
rs3736782 	rs3736782 	C 	A 	C/A 	180 	88 	92 	6 	26505403
rs257376 	rs257376 	G 	A 	G/A 	200 	101 	99 	7 	106799997
rs2241802 	rs2241802 	A 	G 	A/G 	162 	70 	92 	8 	28384712
rs944510 	None 	C 	None 	C/C 	200 	None 	None 	9 	117853022
rs2901343 	rs2901343 	C 	T 	C/T 	200 	104 	96 	10 	124457906
rs1446464 	rs1446464 	C 	A 	C/A 	200 	107 	93 	11 	8486310
rs1057908 	None 	T 	None 	T/T 	67 	None 	None 	12 	49230035
rs9707144 	rs9707144 	T 	C 	T/C 	106 	57 	49 	13 	25356053
rs3814871 	None 	G 	None 	G/G 	200 	None 	None 	14 	71444788
rs1267657 	None 	T 	None 	T/T 	200 	None 	None 	15 	83215251
rs33910368 	None 	A 	None 	A/A 	136 	None 	None 	16 	70569215
rs3851 	None 	A 	None 	A/A 	80 	None 	None 	17 	4686414
rs9958735 	None 	T 	None 	T/T 	200 	None 	None 	18 	56247180
rs238148 	rs238148 	C 	T 	T/T 	91 	0 	91 	20 	47850182
rs1053744 	rs1053744 	A 	G 	A/G 	200 	117 	83 	22 	50885775
