/Volumes/data1.odin/001_exome/diagnosticSamples//EE/Sample_Diag-excap24-14000185701-EE-Kit-Av5.140423_D00132_0071_BC42D4ACXX/060_delivery/Sample_Diag-excap24-14000185701-EE-Kit-Av5.140423_D00132_0071_BC42D4ACXX.snp.raw.snpFingerPrintingTest.vcf									
Sample_Diag-excap24-14000185701-EE-Kit-Av5 									
RS	RS	REF	ALT	Genotype	readDepth	allelic depth REF	allelic depth ALT	CHROM	POS
rs786906 	rs786906 	T 	C 	T/C 	200 	119 	81 	1 	89271574
rs2296292 	rs2296292 	A 	C 	C/C 	83 	0 	83 	1 	183086757
rs1137288 	None 	T 	None 	T/T 	15 	None 	None 	2 	30381505
rs1485175 	rs1485175 	T 	C 	T/C 	197 	103 	94 	3 	7620789
rs3749507 	rs3749507 	A 	G 	G/G 	200 	0 	199 	4 	128565000
rs3108237 	rs3108237 	G 	A 	A/A 	200 	1 	199 	4 	186112111
rs6596422 	rs6596422 	G 	A 	G/A 	135 	73 	62 	5 	137426447
rs1700490 	rs1700490 	G 	A 	G/A 	149 	81 	68 	5 	176402401
rs3736782 	rs3736782 	C 	A 	A/A 	131 	0 	131 	6 	26505403
rs257376 	None 	G 	None 	G/G 	200 	None 	None 	7 	106799997
rs2241802 	rs2241802 	A 	G 	G/G 	172 	0 	172 	8 	28384712
rs944510 	None 	C 	None 	C/C 	200 	None 	None 	9 	117853022
rs2901343 	rs2901343 	C 	T 	T/T 	166 	1 	165 	10 	124457906
rs1446464 	rs1446464 	C 	A 	C/A 	200 	101 	99 	11 	8486310
rs1057908 	rs1057908 	T 	G 	T/G 	52 	28 	24 	12 	49230035
rs9707144 	rs9707144 	T 	C 	T/C 	107 	52 	55 	13 	25356053
rs3814871 	rs3814871 	G 	A 	G/A 	200 	104 	96 	14 	71444788
rs1267657 	None 	T 	None 	T/T 	180 	None 	None 	15 	83215251
rs33910368 	None 	A 	None 	A/A 	137 	None 	None 	16 	70569215
rs3851 	None 	A 	None 	A/A 	51 	None 	None 	17 	4686414
rs9958735 	rs9958735 	T 	C 	T/C 	174 	96 	78 	18 	56247180
rs238148 	rs238148 	C 	T 	C/T 	92 	46 	46 	20 	47850182
rs1053744 	rs1053744 	A 	G 	A/G 	162 	88 	74 	22 	50885775
