/Volumes/data1.odin/001_exome/diagnosticSamples//Ciliopati/Sample_Diag-excap21-14000118801-Ciliopati-KIT-Av5.140403_SN586_0191_AC42MNACXX/060_delivery/Sample_Diag-excap21-14000118801-Ciliopati-KIT-Av5.140403_SN586_0191_AC42MNACXX.snp.raw.snpFingerPrintingTest.vcf									
Sample_Diag-excap21-14000118801-Ciliopati-KIT-Av5 									
RS	RS	REF	ALT	Genotype	readDepth	allelic depth REF	allelic depth ALT	CHROM	POS
rs786906 	rs786906 	T 	C 	C/C 	150 	0 	150 	1 	89271574
rs2296292 	rs2296292 	A 	C 	A/C 	81 	39 	42 	1 	183086757
rs1137288 	rs1137288 	T 	C 	T/C 	16 	7 	9 	2 	30381505
rs1485175 	rs1485175 	T 	C 	C/C 	152 	0 	152 	3 	7620789
rs3749507 	rs3749507 	A 	G 	G/G 	200 	0 	200 	4 	128565000
rs3108237 	rs3108237 	G 	A 	G/A 	200 	100 	100 	4 	186112111
rs6596422 	rs6596422 	G 	A 	G/A 	178 	88 	90 	5 	137426447
rs1700490 	None 	G 	None 	G/G 	139 	None 	None 	5 	176402401
rs3736782 	None 	C 	None 	C/C 	134 	None 	None 	6 	26505403
rs257376 	rs257376 	G 	A 	A/A 	200 	0 	200 	7 	106799997
rs2241802 	None 	A 	None 	A/A 	117 	None 	None 	8 	28384712
rs944510 	None 	C 	None 	C/C 	200 	None 	None 	9 	117853022
rs2901343 	rs2901343 	C 	T 	C/T 	173 	95 	78 	10 	124457906
rs1446464 	None 	C 	None 	C/C 	164 	None 	None 	11 	8486310
rs1057908 	rs1057908 	T 	G 	T/G 	36 	21 	15 	12 	49230035
rs9707144 	None 	T 	None 	T/T 	101 	None 	None 	13 	25356053
rs3814871 	None 	G 	None 	G/G 	200 	None 	None 	14 	71444788
rs1267657 	rs1267657 	T 	C 	T/C 	186 	101 	85 	15 	83215251
rs33910368 	rs33910368 	A 	T 	A/T 	97 	51 	46 	16 	70569215
rs3851 	rs3851 	A 	C 	C/C 	37 	0 	37 	17 	4686414
rs9958735 	None 	T 	None 	T/T 	171 	None 	None 	18 	56247180
rs238148 	rs238148 	C 	T 	T/T 	71 	0 	71 	20 	47850182
rs1053744 	rs1053744 	A 	G 	G/G 	162 	0 	162 	22 	50885775
