/Volumes/data1.odin/001_exome/diagnosticSamples//PCD/Sample_Diag-excap18-13000881902-KIT-AI50Mbv5.131127_D00132_0057_BC36K4ACXX/060_delivery/Sample_Diag-excap18-13000881902-KIT-AI50Mbv5.131127_D00132_0057_BC36K4ACXX.snp.raw.snpFingerPrintingTest.vcf									
Sample_Diag-excap18-13000881902-KIT-AI50Mbv5 									
RS	RS	REF	ALT	Genotype	readDepth	allelic depth REF	allelic depth ALT	CHROM	POS
rs786906 	None 	T 	None 	T/T 	194 	None 	None 	1 	89271574
rs2296292 	None 	A 	None 	A/A 	135 	None 	None 	1 	183086757
rs1137288 	None 	T 	None 	T/T 	45 	None 	None 	2 	30381505
rs1485175 	None 	T 	None 	None 	None 	None 	None 	3 	7620789
rs3749507 	None 	A 	None 	A/A 	320 	None 	None 	4 	128565000
rs3108237 	rs3108237 	G 	A 	A/A 	270 	1 	269 	4 	186112111
rs6596422 	None 	G 	None 	G/G 	199 	None 	None 	5 	137426447
rs1700490 	rs1700490 	G 	A 	G/A 	159 	83 	76 	5 	176402401
rs3736782 	rs3736782 	C 	A 	C/A 	187 	107 	80 	6 	26505403
rs257376 	rs257376 	G 	A 	A/A 	307 	1 	306 	7 	106799997
rs2241802 	rs2241802 	A 	G 	G/G 	179 	0 	179 	8 	28384712
rs944510 	rs944510 	C 	T 	C/T 	356 	179 	177 	9 	117853022
rs2901343 	rs2901343 	C 	T 	C/T 	209 	94 	115 	10 	124457906
rs1446464 	rs1446464 	C 	A 	C/A 	203 	107 	95 	11 	8486310
rs1057908 	rs1057908 	T 	G 	T/G 	51 	28 	23 	12 	49230035
rs9707144 	rs9707144 	T 	C 	T/C 	106 	54 	52 	13 	25356053
rs3814871 	None 	G 	None 	None 	None 	None 	None 	14 	71444788
rs1267657 	rs1267657 	T 	C 	T/C 	219 	123 	96 	15 	83215251
rs33910368 	rs33910368 	A 	T 	T/T 	153 	0 	153 	16 	70569215
rs3851 	None 	A 	None 	A/A 	75 	None 	None 	17 	4686414
rs9958735 	None 	T 	None 	T/T 	223 	None 	None 	18 	56247180
rs238148 	rs238148 	C 	T 	C/T 	78 	44 	34 	20 	47850182
rs1053744 	rs1053744 	A 	G 	A/G 	162 	84 	78 	22 	50885775
