/Volumes/data1.odin/001_exome/diagnosticSamples//EE/Sample_Diag-excap18-D12-3543-KIT-AI50Mbv5.131127_D00132_0057_BC36K4ACXX/060_delivery/Sample_Diag-excap18-D12-3543-KIT-AI50Mbv5.131127_D00132_0057_BC36K4ACXX.snp.raw.snpFingerPrintingTest.vcf									
Sample_Diag-excap18-D12-3543-KIT-AI50Mbv5 									
RS	RS	REF	ALT	Genotype	readDepth	allelic depth REF	allelic depth ALT	CHROM	POS
rs786906 	rs786906 	T 	C 	T/C 	211 	110 	101 	1 	89271574
rs2296292 	None 	A 	None 	A/A 	121 	None 	None 	1 	183086757
rs1137288 	rs1137288 	T 	C 	C/C 	45 	1 	44 	2 	30381505
rs1485175 	None 	T 	None 	None 	None 	None 	None 	3 	7620789
rs3749507 	None 	A 	None 	None 	None 	None 	None 	4 	128565000
rs3108237 	rs3108237 	G 	A 	G/A 	271 	141 	130 	4 	186112111
rs6596422 	None 	G 	None 	G/G 	213 	None 	None 	5 	137426447
rs1700490 	rs1700490 	G 	A 	G/A 	206 	100 	106 	5 	176402401
rs3736782 	None 	C 	None 	C/C 	256 	None 	None 	6 	26505403
rs257376 	None 	G 	None 	None 	None 	None 	None 	7 	106799997
rs2241802 	rs2241802 	A 	G 	G/G 	205 	0 	205 	8 	28384712
rs944510 	None 	C 	None 	None 	None 	None 	None 	9 	117853022
rs2901343 	None 	C 	None 	None 	None 	None 	None 	10 	124457906
rs1446464 	rs1446464 	C 	A 	C/A 	188 	96 	91 	11 	8486310
rs1057908 	rs1057908 	T 	G 	T/G 	60 	26 	34 	12 	49230035
rs9707144 	None 	T 	None 	T/T 	121 	None 	None 	13 	25356053
rs3814871 	None 	G 	None 	None 	None 	None 	None 	14 	71444788
rs1267657 	None 	T 	None 	None 	None 	None 	None 	15 	83215251
rs33910368 	rs33910368 	A 	T 	T/T 	171 	0 	171 	16 	70569215
rs3851 	None 	A 	None 	A/A 	72 	None 	None 	17 	4686414
rs9958735 	rs9958735 	T 	C 	T/C 	253 	125 	128 	18 	56247180
rs238148 	rs238148 	C 	T 	C/T 	107 	49 	58 	20 	47850182
rs1053744 	rs1053744 	A 	G 	G/G 	171 	0 	171 	22 	50885775
