/Volumes/data1.odin/001_exome/diagnosticSamples//EE/Sample_Diag-excap19-13001004500-EE-KIT-Av5.140107_D00132_0060_AC3FCPACXX/060_delivery/Sample_Diag-excap19-13001004500-EE-KIT-Av5.140107_D00132_0060_AC3FCPACXX.snp.raw.snpFingerPrintingTest.vcf									
Sample_Diag-excap19-13001004500-EE-KIT-Av5 									
RS	RS	REF	ALT	Genotype	readDepth	allelic depth REF	allelic depth ALT	CHROM	POS
rs786906 	rs786906 	T 	C 	T/C 	144 	62 	82 	1 	89271574
rs2296292 	rs2296292 	A 	C 	A/C 	85 	45 	40 	1 	183086757
rs1137288 	None 	T 	None 	T/T 	23 	None 	None 	2 	30381505
rs1485175 	rs1485175 	T 	C 	C/C 	167 	4 	163 	3 	7620789
rs3749507 	rs3749507 	A 	G 	G/G 	200 	0 	200 	4 	128565000
rs3108237 	None 	G 	None 	G/G 	196 	None 	None 	4 	186112111
rs6596422 	rs6596422 	G 	A 	G/A 	142 	75 	67 	5 	137426447
rs1700490 	None 	G 	None 	G/G 	126 	None 	None 	5 	176402401
rs3736782 	None 	C 	None 	C/C 	152 	None 	None 	6 	26505403
rs257376 	None 	G 	None 	G/G 	200 	None 	None 	7 	106799997
rs2241802 	rs2241802 	A 	G 	A/G 	144 	68 	76 	8 	28384712
rs944510 	rs944510 	C 	T 	C/T 	200 	108 	92 	9 	117853022
rs2901343 	rs2901343 	C 	T 	T/T 	138 	1 	137 	10 	124457906
rs1446464 	rs1446464 	C 	A 	C/A 	149 	74 	75 	11 	8486310
rs1057908 	None 	T 	None 	T/T 	50 	None 	None 	12 	49230035
rs9707144 	rs9707144 	T 	C 	T/C 	83 	42 	41 	13 	25356053
rs3814871 	None 	G 	None 	G/G 	200 	None 	None 	14 	71444788
rs1267657 	rs1267657 	T 	C 	T/C 	157 	86 	71 	15 	83215251
rs33910368 	rs33910368 	A 	T 	A/T 	124 	72 	52 	16 	70569215
rs3851 	rs3851 	A 	C 	C/C 	37 	0 	37 	17 	4686414
rs9958735 	rs9958735 	T 	C 	T/C 	160 	82 	78 	18 	56247180
rs238148 	rs238148 	C 	T 	T/T 	70 	0 	70 	20 	47850182
rs1053744 	rs1053744 	A 	G 	A/G 	171 	98 	73 	22 	50885775
