/Volumes/data1.odin/001_exome/diagnosticSamples//EE/Sample_Diag-excap20-13001157200-EE-KIT-Av5.140305_D00132_0066_AC3U4PACXX/060_delivery/Sample_Diag-excap20-13001157200-EE-KIT-Av5.140305_D00132_0066_AC3U4PACXX.snp.raw.snpFingerPrintingTest.vcf									
Sample_Diag-excap20-13001157200-EE-KIT-Av5 									
RS	RS	REF	ALT	Genotype	readDepth	allelic depth REF	allelic depth ALT	CHROM	POS
rs786906 	rs786906 	T 	C 	T/C 	170 	86 	84 	1 	89271574
rs2296292 	rs2296292 	A 	C 	A/C 	73 	43 	30 	1 	183086757
rs1137288 	None 	T 	None 	T/T 	18 	None 	None 	2 	30381505
rs1485175 	rs1485175 	T 	C 	T/C 	200 	93 	107 	3 	7620789
rs3749507 	rs3749507 	A 	G 	G/G 	200 	3 	197 	4 	128565000
rs3108237 	rs3108237 	G 	A 	G/A 	200 	116 	84 	4 	186112111
rs6596422 	rs6596422 	G 	A 	G/A 	200 	104 	96 	5 	137426447
rs1700490 	None 	G 	None 	G/G 	195 	None 	None 	5 	176402401
rs3736782 	None 	C 	None 	C/C 	194 	None 	None 	6 	26505403
rs257376 	rs257376 	G 	A 	G/A 	200 	120 	80 	7 	106799997
rs2241802 	None 	A 	None 	A/A 	188 	None 	None 	8 	28384712
rs944510 	rs944510 	C 	T 	C/T 	200 	106 	94 	9 	117853022
rs2901343 	None 	C 	None 	C/C 	186 	None 	None 	10 	124457906
rs1446464 	rs1446464 	C 	A 	A/A 	189 	1 	188 	11 	8486310
rs1057908 	rs1057908 	T 	G 	T/G 	61 	26 	35 	12 	49230035
rs9707144 	None 	T 	None 	T/T 	96 	None 	None 	13 	25356053
rs3814871 	rs3814871 	G 	A 	G/A 	200 	106 	94 	14 	71444788
rs1267657 	None 	T 	None 	T/T 	200 	None 	None 	15 	83215251
rs33910368 	rs33910368 	A 	T 	A/T 	117 	58 	59 	16 	70569215
rs3851 	None 	A 	None 	A/A 	49 	None 	None 	17 	4686414
rs9958735 	None 	T 	None 	T/T 	190 	None 	None 	18 	56247180
rs238148 	rs238148 	C 	T 	T/T 	90 	0 	89 	20 	47850182
rs1053744 	rs1053744 	A 	G 	A/G 	168 	100 	68 	22 	50885775
