/Volumes/data1.odin/001_exome/diagnosticSamples//EE/Sample_Diag-excap16-13000378300-KIT-AI50Mbv5.130906_SN586_0177_AC2730ACXX/060_delivery/Sample_Diag-excap16-13000378300-KIT-AI50Mbv5.130906_SN586_0177_AC2730ACXX.snp.raw.snpFingerPrintingTest.vcf									
Sample_Diag-excap16-13000378300-KIT-AI50Mbv5 									
RS	RS	REF	ALT	Genotype	readDepth	allelic depth REF	allelic depth ALT	CHROM	POS
rs786906 	rs786906 	T 	C 	C/C 	150 	1 	149 	1 	89271574
rs2296292 	None 	A 	None 	A/A 	104 	None 	None 	1 	183086757
rs1137288 	rs1137288 	T 	C 	C/C 	28 	0 	28 	2 	30381505
rs1485175 	None 	T 	None 	T/T 	223 	None 	None 	3 	7620789
rs3749507 	None 	A 	None 	None 	None 	None 	None 	4 	128565000
rs3108237 	rs3108237 	G 	A 	G/A 	205 	102 	103 	4 	186112111
rs6596422 	None 	G 	None 	G/G 	161 	None 	None 	5 	137426447
rs1700490 	rs1700490 	G 	A 	G/A 	152 	85 	67 	5 	176402401
rs3736782 	rs3736782 	C 	A 	C/A 	135 	87 	47 	6 	26505403
rs257376 	rs257376 	G 	A 	A/A 	258 	1 	257 	7 	106799997
rs2241802 	None 	A 	None 	A/A 	136 	None 	None 	8 	28384712
rs944510 	rs944510 	C 	T 	C/T 	321 	167 	154 	9 	117853022
rs2901343 	None 	C 	None 	C/C 	136 	None 	None 	10 	124457906
rs1446464 	rs1446464 	C 	A 	C/A 	160 	89 	71 	11 	8486310
rs1057908 	rs1057908 	T 	G 	T/G 	35 	13 	22 	12 	49230035
rs9707144 	rs9707144 	T 	C 	T/C 	90 	35 	55 	13 	25356053
rs3814871 	None 	G 	None 	None 	None 	None 	None 	14 	71444788
rs1267657 	None 	T 	None 	T/T 	186 	None 	None 	15 	83215251
rs33910368 	None 	A 	None 	A/A 	100 	None 	None 	16 	70569215
rs3851 	None 	A 	None 	A/A 	56 	None 	None 	17 	4686414
rs9958735 	rs9958735 	T 	C 	C/C 	132 	1 	131 	18 	56247180
rs238148 	rs238148 	C 	T 	C/T 	66 	32 	34 	20 	47850182
rs1053744 	rs1053744 	A 	G 	G/G 	153 	0 	153 	22 	50885775
