/Volumes/data1.odin/001_exome/diagnosticSamples//Bindevev/Sample_Diag-excap23-14000078901-Bindevev-Kit-Av5.140423_D00132_0071_BC42D4ACXX/060_delivery/Sample_Diag-excap23-14000078901-Bindevev-Kit-Av5.140423_D00132_0071_BC42D4ACXX.snp.raw.snpFingerPrintingTest.vcf									
Sample_Diag-excap23-14000078901-Bindevev-Kit-Av5 									
RS	RS	REF	ALT	Genotype	readDepth	allelic depth REF	allelic depth ALT	CHROM	POS
rs786906 	rs786906 	T 	C 	T/C 	200 	105 	95 	1 	89271574
rs2296292 	None 	A 	None 	A/A 	114 	None 	None 	1 	183086757
rs1137288 	rs1137288 	T 	C 	C/C 	16 	0 	16 	2 	30381505
rs1485175 	rs1485175 	T 	C 	C/C 	200 	1 	199 	3 	7620789
rs3749507 	rs3749507 	A 	G 	G/G 	200 	1 	199 	4 	128565000
rs3108237 	None 	G 	None 	G/G 	200 	None 	None 	4 	186112111
rs6596422 	rs6596422 	G 	A 	G/A 	173 	86 	87 	5 	137426447
rs1700490 	rs1700490 	G 	A 	G/A 	159 	84 	75 	5 	176402401
rs3736782 	rs3736782 	C 	A 	C/A 	192 	119 	73 	6 	26505403
rs257376 	rs257376 	G 	A 	A/A 	200 	2 	198 	7 	106799997
rs2241802 	rs2241802 	A 	G 	G/G 	154 	0 	154 	8 	28384712
rs944510 	None 	C 	None 	C/C 	200 	None 	None 	9 	117853022
rs2901343 	rs2901343 	C 	T 	T/T 	187 	2 	185 	10 	124457906
rs1446464 	rs1446464 	C 	A 	C/A 	200 	107 	93 	11 	8486310
rs1057908 	None 	T 	None 	T/T 	54 	None 	None 	12 	49230035
rs9707144 	rs9707144 	T 	C 	T/C 	102 	60 	42 	13 	25356053
rs3814871 	None 	G 	None 	G/G 	200 	None 	None 	14 	71444788
rs1267657 	rs1267657 	T 	C 	T/C 	200 	113 	87 	15 	83215251
rs33910368 	None 	A 	None 	A/A 	127 	None 	None 	16 	70569215
rs3851 	None 	A 	None 	A/A 	78 	None 	None 	17 	4686414
rs9958735 	rs9958735 	T 	C 	C/C 	200 	0 	200 	18 	56247180
rs238148 	rs238148 	C 	T 	C/T 	107 	56 	51 	20 	47850182
rs1053744 	None 	A 	None 	A/A 	200 	None 	None 	22 	50885775
