/Volumes/data1.odin/001_exome/diagnosticSamples//EE/Sample_Diag-excap23-13000974701-EE-Kit-Av5.140423_D00132_0070_AC3V6MACXX/060_delivery/Sample_Diag-excap23-13000974701-EE-Kit-Av5.140423_D00132_0070_AC3V6MACXX.snp.raw.snpFingerPrintingTest.vcf									
Sample_Diag-excap23-13000974701-EE-Kit-Av5 									
RS	RS	REF	ALT	Genotype	readDepth	allelic depth REF	allelic depth ALT	CHROM	POS
rs786906 	None 	T 	None 	T/T 	200 	None 	None 	1 	89271574
rs2296292 	rs2296292 	A 	C 	C/C 	67 	0 	67 	1 	183086757
rs1137288 	None 	T 	None 	T/T 	28 	None 	None 	2 	30381505
rs1485175 	None 	T 	None 	T/T 	197 	None 	None 	3 	7620789
rs3749507 	rs3749507 	A 	G 	A/G 	200 	107 	93 	4 	128565000
rs3108237 	rs3108237 	G 	A 	G/A 	200 	109 	91 	4 	186112111
rs6596422 	rs6596422 	G 	A 	G/A 	162 	82 	80 	5 	137426447
rs1700490 	rs1700490 	G 	A 	A/A 	129 	2 	127 	5 	176402401
rs3736782 	rs3736782 	C 	A 	C/A 	146 	72 	74 	6 	26505403
rs257376 	rs257376 	G 	A 	G/A 	200 	114 	86 	7 	106799997
rs2241802 	rs2241802 	A 	G 	A/G 	138 	68 	70 	8 	28384712
rs944510 	rs944510 	C 	T 	T/T 	200 	2 	198 	9 	117853022
rs2901343 	rs2901343 	C 	T 	T/T 	160 	0 	160 	10 	124457906
rs1446464 	rs1446464 	C 	A 	C/A 	170 	78 	92 	11 	8486310
rs1057908 	rs1057908 	T 	G 	G/G 	54 	0 	54 	12 	49230035
rs9707144 	None 	T 	None 	T/T 	111 	None 	None 	13 	25356053
rs3814871 	None 	G 	None 	G/G 	200 	None 	None 	14 	71444788
rs1267657 	None 	T 	None 	T/T 	184 	None 	None 	15 	83215251
rs33910368 	rs33910368 	A 	T 	T/T 	86 	0 	86 	16 	70569215
rs3851 	rs3851 	A 	C 	A/C 	44 	20 	24 	17 	4686414
rs9958735 	rs9958735 	T 	C 	T/C 	169 	87 	82 	18 	56247180
rs238148 	rs238148 	C 	T 	T/T 	83 	0 	82 	20 	47850182
rs1053744 	rs1053744 	A 	G 	A/G 	161 	91 	70 	22 	50885775
