/Volumes/data1.odin/001_exome/diagnosticSamples//Bindevev/Sample_Diag-excap18-13000630901-KIT-AI50Mbv5.131127_D00132_0057_BC36K4ACXX/060_delivery/Sample_Diag-excap18-13000630901-KIT-AI50Mbv5.131127_D00132_0057_BC36K4ACXX.snp.raw.snpFingerPrintingTest.vcf									
Sample_Diag-excap18-13000630901-KIT-AI50Mbv5 									
RS	RS	REF	ALT	Genotype	readDepth	allelic depth REF	allelic depth ALT	CHROM	POS
rs786906 	rs786906 	T 	C 	T/C 	188 	93 	95 	1 	89271574
rs2296292 	rs2296292 	A 	C 	C/C 	71 	0 	71 	1 	183086757
rs1137288 	rs1137288 	T 	C 	T/C 	32 	12 	20 	2 	30381505
rs1485175 	None 	T 	None 	T/T 	214 	None 	None 	3 	7620789
rs3749507 	None 	A 	None 	None 	None 	None 	None 	4 	128565000
rs3108237 	rs3108237 	G 	A 	G/A 	234 	129 	105 	4 	186112111
rs6596422 	rs6596422 	G 	A 	A/A 	175 	1 	174 	5 	137426447
rs1700490 	rs1700490 	G 	A 	G/A 	180 	95 	85 	5 	176402401
rs3736782 	rs3736782 	C 	A 	C/A 	165 	92 	73 	6 	26505403
rs257376 	rs257376 	G 	A 	A/A 	267 	1 	266 	7 	106799997
rs2241802 	None 	A 	None 	A/A 	187 	None 	None 	8 	28384712
rs944510 	rs944510 	C 	T 	T/T 	273 	1 	272 	9 	117853022
rs2901343 	None 	C 	None 	None 	None 	None 	None 	10 	124457906
rs1446464 	rs1446464 	C 	A 	A/A 	179 	0 	179 	11 	8486310
rs1057908 	rs1057908 	T 	G 	T/G 	42 	19 	23 	12 	49230035
rs9707144 	rs9707144 	T 	C 	T/C 	95 	45 	50 	13 	25356053
rs3814871 	None 	G 	None 	None 	None 	None 	None 	14 	71444788
rs1267657 	None 	T 	None 	T/T 	198 	None 	None 	15 	83215251
rs33910368 	rs33910368 	A 	T 	T/T 	126 	0 	126 	16 	70569215
rs3851 	rs3851 	A 	C 	A/C 	50 	27 	23 	17 	4686414
rs9958735 	rs9958735 	T 	C 	C/C 	165 	0 	165 	18 	56247180
rs238148 	rs238148 	C 	T 	C/T 	73 	35 	38 	20 	47850182
rs1053744 	rs1053744 	A 	G 	A/G 	151 	81 	70 	22 	50885775
