/Volumes/data1.odin/001_exome/diagnosticSamples//Iktyose/Sample_Diag-excap22-13001147001-Iktyose-KIT-Av5.140402_7001448_0259_AC3UNPACXX/060_delivery/Sample_Diag-excap22-13001147001-Iktyose-KIT-Av5.140402_7001448_0259_AC3UNPACXX.snp.raw.snpFingerPrintingTest.vcf									
Sample_Diag-excap22-13001147001-Iktyose-KIT-Av5 									
RS	RS	REF	ALT	Genotype	readDepth	allelic depth REF	allelic depth ALT	CHROM	POS
rs786906 	rs786906 	T 	C 	C/C 	200 	0 	200 	1 	89271574
rs2296292 	rs2296292 	A 	C 	A/C 	93 	51 	42 	1 	183086757
rs1137288 	rs1137288 	T 	C 	T/C 	18 	6 	12 	2 	30381505
rs1485175 	None 	T 	None 	T/T 	200 	None 	None 	3 	7620789
rs3749507 	rs3749507 	A 	G 	A/G 	200 	108 	92 	4 	128565000
rs3108237 	rs3108237 	G 	A 	G/A 	200 	108 	92 	4 	186112111
rs6596422 	rs6596422 	G 	A 	G/A 	200 	106 	94 	5 	137426447
rs1700490 	rs1700490 	G 	A 	G/A 	200 	107 	93 	5 	176402401
rs3736782 	None 	C 	None 	C/C 	180 	None 	None 	6 	26505403
rs257376 	rs257376 	G 	A 	A/A 	200 	0 	200 	7 	106799997
rs2241802 	rs2241802 	A 	G 	G/G 	187 	0 	187 	8 	28384712
rs944510 	rs944510 	C 	T 	T/T 	200 	0 	200 	9 	117853022
rs2901343 	rs2901343 	C 	T 	C/T 	200 	120 	80 	10 	124457906
rs1446464 	rs1446464 	C 	A 	C/A 	200 	99 	101 	11 	8486310
rs1057908 	rs1057908 	T 	G 	T/G 	61 	34 	27 	12 	49230035
rs9707144 	rs9707144 	T 	C 	T/C 	122 	64 	58 	13 	25356053
rs3814871 	None 	G 	None 	G/G 	200 	None 	None 	14 	71444788
rs1267657 	rs1267657 	T 	C 	T/C 	200 	120 	80 	15 	83215251
rs33910368 	None 	A 	None 	A/A 	135 	None 	None 	16 	70569215
rs3851 	None 	A 	None 	A/A 	82 	None 	None 	17 	4686414
rs9958735 	None 	T 	None 	T/T 	200 	None 	None 	18 	56247180
rs238148 	rs238148 	C 	T 	T/T 	102 	0 	102 	20 	47850182
rs1053744 	rs1053744 	A 	G 	A/G 	200 	112 	88 	22 	50885775
