/Volumes/data1.odin/001_exome/diagnosticSamples//EE/Sample_Diag-excap21-14000080101-EE-KIT-Av5.140403_SN586_0191_AC42MNACXX/060_delivery/Sample_Diag-excap21-14000080101-EE-KIT-Av5.140403_SN586_0191_AC42MNACXX.snp.raw.snpFingerPrintingTest.vcf									
Sample_Diag-excap21-14000080101-EE-KIT-Av5 									
RS	RS	REF	ALT	Genotype	readDepth	allelic depth REF	allelic depth ALT	CHROM	POS
rs786906 	rs786906 	T 	C 	C/C 	162 	0 	162 	1 	89271574
rs2296292 	rs2296292 	A 	C 	C/C 	73 	0 	73 	1 	183086757
rs1137288 	rs1137288 	T 	C 	T/C 	13 	8 	5 	2 	30381505
rs1485175 	rs1485175 	T 	C 	C/C 	163 	0 	163 	3 	7620789
rs3749507 	None 	A 	None 	A/A 	200 	None 	None 	4 	128565000
rs3108237 	rs3108237 	G 	A 	G/A 	200 	104 	96 	4 	186112111
rs6596422 	rs6596422 	G 	A 	A/A 	142 	1 	141 	5 	137426447
rs1700490 	rs1700490 	G 	A 	G/A 	152 	84 	68 	5 	176402401
rs3736782 	rs3736782 	C 	A 	A/A 	108 	0 	108 	6 	26505403
rs257376 	None 	G 	None 	G/G 	200 	None 	None 	7 	106799997
rs2241802 	rs2241802 	A 	G 	A/G 	114 	65 	49 	8 	28384712
rs944510 	rs944510 	C 	T 	C/T 	200 	117 	83 	9 	117853022
rs2901343 	rs2901343 	C 	T 	C/T 	180 	96 	84 	10 	124457906
rs1446464 	None 	C 	None 	C/C 	200 	None 	None 	11 	8486310
rs1057908 	rs1057908 	T 	G 	G/G 	51 	0 	51 	12 	49230035
rs9707144 	rs9707144 	T 	C 	C/C 	74 	0 	74 	13 	25356053
rs3814871 	None 	G 	None 	G/G 	200 	None 	None 	14 	71444788
rs1267657 	rs1267657 	T 	C 	T/C 	200 	96 	104 	15 	83215251
rs33910368 	None 	A 	None 	A/A 	95 	None 	None 	16 	70569215
rs3851 	None 	A 	None 	A/A 	69 	None 	None 	17 	4686414
rs9958735 	rs9958735 	T 	C 	T/C 	168 	84 	84 	18 	56247180
rs238148 	rs238148 	C 	T 	T/T 	72 	0 	72 	20 	47850182
rs1053744 	rs1053744 	A 	G 	A/G 	200 	116 	84 	22 	50885775
