/Volumes/data1.odin/001_exome/diagnosticSamples//EE/Sample_Diag-excap23-14000066801-EE-Kit-Av5.140423_D00132_0070_AC3V6MACXX/060_delivery/Sample_Diag-excap23-14000066801-EE-Kit-Av5.140423_D00132_0070_AC3V6MACXX.snp.raw.snpFingerPrintingTest.vcf									
Sample_Diag-excap23-14000066801-EE-Kit-Av5 									
RS	RS	REF	ALT	Genotype	readDepth	allelic depth REF	allelic depth ALT	CHROM	POS
rs786906 	rs786906 	T 	C 	T/C 	152 	74 	78 	1 	89271574
rs2296292 	rs2296292 	A 	C 	A/C 	61 	34 	27 	1 	183086757
rs1137288 	rs1137288 	T 	C 	T/C 	8 	3 	5 	2 	30381505
rs1485175 	None 	T 	None 	T/T 	163 	None 	None 	3 	7620789
rs3749507 	rs3749507 	A 	G 	A/G 	200 	105 	95 	4 	128565000
rs3108237 	rs3108237 	G 	A 	A/A 	147 	2 	145 	4 	186112111
rs6596422 	rs6596422 	G 	A 	G/A 	132 	68 	64 	5 	137426447
rs1700490 	rs1700490 	G 	A 	G/A 	108 	67 	41 	5 	176402401
rs3736782 	None 	C 	None 	C/C 	123 	None 	None 	6 	26505403
rs257376 	None 	G 	None 	G/G 	200 	None 	None 	7 	106799997
rs2241802 	rs2241802 	A 	G 	A/G 	97 	58 	39 	8 	28384712
rs944510 	rs944510 	C 	T 	C/T 	200 	112 	88 	9 	117853022
rs2901343 	rs2901343 	C 	T 	C/T 	149 	79 	70 	10 	124457906
rs1446464 	rs1446464 	C 	A 	A/A 	136 	0 	136 	11 	8486310
rs1057908 	rs1057908 	T 	G 	T/G 	41 	21 	20 	12 	49230035
rs9707144 	None 	T 	None 	T/T 	85 	None 	None 	13 	25356053
rs3814871 	None 	G 	None 	G/G 	192 	None 	None 	14 	71444788
rs1267657 	rs1267657 	T 	C 	C/C 	138 	0 	138 	15 	83215251
rs33910368 	None 	A 	None 	A/A 	74 	None 	None 	16 	70569215
rs3851 	rs3851 	A 	C 	C/C 	42 	0 	42 	17 	4686414
rs9958735 	rs9958735 	T 	C 	C/C 	113 	2 	111 	18 	56247180
rs238148 	rs238148 	C 	T 	T/T 	79 	0 	79 	20 	47850182
rs1053744 	rs1053744 	A 	G 	A/G 	148 	87 	61 	22 	50885775
