/Volumes/data1.odin/001_exome/diagnosticSamples//EE/Sample_Diag-excap19-13000894800-EE-KIT-Av5.140103_7001448_0252_BC3F4UACXX/060_delivery/Sample_Diag-excap19-13000894800-EE-KIT-Av5.140103_7001448_0252_BC3F4UACXX.snp.raw.snpFingerPrintingTest.vcf									
Sample_Diag-excap19-13000894800-EE-KIT-Av5 									
RS	RS	REF	ALT	Genotype	readDepth	allelic depth REF	allelic depth ALT	CHROM	POS
rs786906 	rs786906 	T 	C 	C/C 	200 	0 	199 	1 	89271574
rs2296292 	rs2296292 	A 	C 	C/C 	94 	0 	94 	1 	183086757
rs1137288 	rs1137288 	T 	C 	T/C 	27 	19 	8 	2 	30381505
rs1485175 	rs1485175 	T 	C 	T/C 	200 	95 	105 	3 	7620789
rs3749507 	rs3749507 	A 	G 	A/G 	200 	96 	103 	4 	128565000
rs3108237 	rs3108237 	G 	A 	A/A 	200 	0 	200 	4 	186112111
rs6596422 	rs6596422 	G 	A 	G/A 	188 	91 	97 	5 	137426447
rs1700490 	rs1700490 	G 	A 	A/A 	168 	0 	168 	5 	176402401
rs3736782 	rs3736782 	C 	A 	A/A 	159 	0 	159 	6 	26505403
rs257376 	None 	G 	None 	G/G 	200 	None 	None 	7 	106799997
rs2241802 	None 	A 	None 	A/A 	188 	None 	None 	8 	28384712
rs944510 	None 	C 	None 	C/C 	200 	None 	None 	9 	117853022
rs2901343 	None 	C 	None 	C/C 	195 	None 	None 	10 	124457906
rs1446464 	rs1446464 	C 	A 	C/A 	200 	99 	101 	11 	8486310
rs1057908 	rs1057908 	T 	G 	T/G 	54 	32 	22 	12 	49230035
rs9707144 	rs9707144 	T 	C 	T/C 	100 	48 	52 	13 	25356053
rs3814871 	rs3814871 	G 	A 	G/A 	200 	104 	96 	14 	71444788
rs1267657 	None 	T 	None 	T/T 	200 	None 	None 	15 	83215251
rs33910368 	None 	A 	None 	A/A 	150 	None 	None 	16 	70569215
rs3851 	rs3851 	A 	C 	A/C 	50 	27 	23 	17 	4686414
rs9958735 	rs9958735 	T 	C 	C/C 	197 	0 	197 	18 	56247180
rs238148 	rs238148 	C 	T 	C/T 	93 	50 	43 	20 	47850182
rs1053744 	rs1053744 	A 	G 	G/G 	126 	0 	126 	22 	50885775
