/Volumes/data1.odin/001_exome/diagnosticSamples//EE/Sample_Diag-excap24-14000208801-EE-Kit-Av5.140423_D00132_0071_BC42D4ACXX/060_delivery/Sample_Diag-excap24-14000208801-EE-Kit-Av5.140423_D00132_0071_BC42D4ACXX.snp.raw.snpFingerPrintingTest.vcf									
Sample_Diag-excap24-14000208801-EE-Kit-Av5 									
RS	RS	REF	ALT	Genotype	readDepth	allelic depth REF	allelic depth ALT	CHROM	POS
rs786906 	rs786906 	T 	C 	T/C 	188 	111 	77 	1 	89271574
rs2296292 	rs2296292 	A 	C 	C/C 	84 	0 	84 	1 	183086757
rs1137288 	rs1137288 	T 	C 	T/C 	10 	6 	4 	2 	30381505
rs1485175 	rs1485175 	T 	C 	T/C 	200 	104 	96 	3 	7620789
rs3749507 	rs3749507 	A 	G 	A/G 	200 	109 	91 	4 	128565000
rs3108237 	None 	G 	None 	G/G 	200 	None 	None 	4 	186112111
rs6596422 	rs6596422 	G 	A 	A/A 	150 	0 	150 	5 	137426447
rs1700490 	rs1700490 	G 	A 	A/A 	168 	0 	168 	5 	176402401
rs3736782 	rs3736782 	C 	A 	A/A 	151 	0 	151 	6 	26505403
rs257376 	rs257376 	G 	A 	G/A 	200 	107 	93 	7 	106799997
rs2241802 	rs2241802 	A 	G 	A/G 	173 	84 	89 	8 	28384712
rs944510 	None 	C 	None 	C/C 	200 	None 	None 	9 	117853022
rs2901343 	None 	C 	None 	C/C 	200 	None 	None 	10 	124457906
rs1446464 	None 	C 	None 	C/C 	200 	None 	None 	11 	8486310
rs1057908 	rs1057908 	T 	G 	G/G 	54 	0 	54 	12 	49230035
rs9707144 	None 	T 	None 	T/T 	95 	None 	None 	13 	25356053
rs3814871 	rs3814871 	G 	A 	A/A 	200 	0 	200 	14 	71444788
rs1267657 	rs1267657 	T 	C 	T/C 	169 	90 	79 	15 	83215251
rs33910368 	rs33910368 	A 	T 	A/T 	88 	59 	29 	16 	70569215
rs3851 	rs3851 	A 	C 	C/C 	50 	0 	50 	17 	4686414
rs9958735 	rs9958735 	T 	C 	T/C 	200 	112 	88 	18 	56247180
rs238148 	rs238148 	C 	T 	T/T 	95 	0 	95 	20 	47850182
rs1053744 	rs1053744 	A 	G 	A/G 	156 	91 	65 	22 	50885775
