/Volumes/data1.odin/001_exome/diagnosticSamples//Bindevev/Sample_Diag-excap23-14000186601-Bindevev-Kit-Av5.140423_D00132_0071_BC42D4ACXX/060_delivery/Sample_Diag-excap23-14000186601-Bindevev-Kit-Av5.140423_D00132_0071_BC42D4ACXX.snp.raw.snpFingerPrintingTest.vcf									
Sample_Diag-excap23-14000186601-Bindevev-Kit-Av5 									
RS	RS	REF	ALT	Genotype	readDepth	allelic depth REF	allelic depth ALT	CHROM	POS
rs786906 	rs786906 	T 	C 	C/C 	200 	0 	199 	1 	89271574
rs2296292 	rs2296292 	A 	C 	C/C 	105 	1 	104 	1 	183086757
rs1137288 	None 	T 	None 	T/T 	23 	None 	None 	2 	30381505
rs1485175 	rs1485175 	T 	C 	C/C 	200 	1 	199 	3 	7620789
rs3749507 	rs3749507 	A 	G 	G/G 	200 	1 	198 	4 	128565000
rs3108237 	None 	G 	None 	G/G 	200 	None 	None 	4 	186112111
rs6596422 	None 	G 	None 	G/G 	200 	None 	None 	5 	137426447
rs1700490 	rs1700490 	G 	A 	A/A 	173 	0 	173 	5 	176402401
rs3736782 	rs3736782 	C 	A 	C/A 	184 	104 	80 	6 	26505403
rs257376 	rs257376 	G 	A 	G/A 	200 	106 	94 	7 	106799997
rs2241802 	rs2241802 	A 	G 	A/G 	170 	91 	79 	8 	28384712
rs944510 	rs944510 	C 	T 	C/T 	200 	113 	87 	9 	117853022
rs2901343 	rs2901343 	C 	T 	T/T 	168 	1 	167 	10 	124457906
rs1446464 	rs1446464 	C 	A 	C/A 	179 	98 	81 	11 	8486310
rs1057908 	rs1057908 	T 	G 	G/G 	57 	0 	57 	12 	49230035
rs9707144 	rs9707144 	T 	C 	C/C 	88 	0 	87 	13 	25356053
rs3814871 	rs3814871 	G 	A 	G/A 	200 	101 	99 	14 	71444788
rs1267657 	None 	T 	None 	T/T 	200 	None 	None 	15 	83215251
rs33910368 	rs33910368 	A 	T 	T/T 	96 	0 	96 	16 	70569215
rs3851 	None 	A 	None 	A/A 	77 	None 	None 	17 	4686414
rs9958735 	rs9958735 	T 	C 	C/C 	200 	0 	200 	18 	56247180
rs238148 	rs238148 	C 	T 	T/T 	93 	0 	93 	20 	47850182
rs1053744 	rs1053744 	A 	G 	A/G 	199 	110 	89 	22 	50885775
