/Volumes/data1.odin/001_exome/diagnosticSamples//EE/Sample_Diag-excap16-13000435202-KIT-AI50Mbv5.130906_SN586_0177_AC2730ACXX/060_delivery/Sample_Diag-excap16-13000435202-KIT-AI50Mbv5.130906_SN586_0177_AC2730ACXX.snp.raw.snpFingerPrintingTest.vcf									
Sample_Diag-excap16-13000435202-KIT-AI50Mbv5 									
RS	RS	REF	ALT	Genotype	readDepth	allelic depth REF	allelic depth ALT	CHROM	POS
rs786906 	rs786906 	T 	C 	T/C 	197 	109 	88 	1 	89271574
rs2296292 	rs2296292 	A 	C 	C/C 	103 	0 	103 	1 	183086757
rs1137288 	None 	T 	None 	T/T 	48 	None 	None 	2 	30381505
rs1485175 	rs1485175 	T 	C 	T/C 	204 	115 	89 	3 	7620789
rs3749507 	None 	A 	None 	None 	None 	None 	None 	4 	128565000
rs3108237 	rs3108237 	G 	A 	A/A 	195 	0 	195 	4 	186112111
rs6596422 	rs6596422 	G 	A 	A/A 	172 	0 	172 	5 	137426447
rs1700490 	rs1700490 	G 	A 	A/A 	136 	0 	136 	5 	176402401
rs3736782 	None 	C 	None 	C/C 	171 	None 	None 	6 	26505403
rs257376 	rs257376 	G 	A 	A/A 	275 	0 	275 	7 	106799997
rs2241802 	None 	A 	None 	A/A 	155 	None 	None 	8 	28384712
rs944510 	None 	C 	None 	None 	None 	None 	None 	9 	117853022
rs2901343 	rs2901343 	C 	T 	T/T 	192 	2 	190 	10 	124457906
rs1446464 	None 	C 	None 	C/C 	194 	None 	None 	11 	8486310
rs1057908 	rs1057908 	T 	G 	T/G 	41 	21 	20 	12 	49230035
rs9707144 	None 	T 	None 	T/T 	93 	None 	None 	13 	25356053
rs3814871 	rs3814871 	G 	A 	G/A 	291 	164 	127 	14 	71444788
rs1267657 	rs1267657 	T 	C 	T/C 	208 	113 	95 	15 	83215251
rs33910368 	rs33910368 	A 	T 	A/T 	113 	64 	49 	16 	70569215
rs3851 	rs3851 	A 	C 	C/C 	53 	0 	53 	17 	4686414
rs9958735 	None 	T 	None 	T/T 	214 	None 	None 	18 	56247180
rs238148 	rs238148 	C 	T 	C/T 	91 	42 	49 	20 	47850182
rs1053744 	rs1053744 	A 	G 	G/G 	162 	0 	162 	22 	50885775
