/Volumes/data1.odin/001_exome/diagnosticSamples//EE/Sample_Diag-excap16-13000413500-KIT-AI50Mbv5.130906_SN586_0177_AC2730ACXX/060_delivery/Sample_Diag-excap16-13000413500-KIT-AI50Mbv5.130906_SN586_0177_AC2730ACXX.snp.raw.snpFingerPrintingTest.vcf									
Sample_Diag-excap16-13000413500-KIT-AI50Mbv5 									
RS	RS	REF	ALT	Genotype	readDepth	allelic depth REF	allelic depth ALT	CHROM	POS
rs786906 	rs786906 	T 	C 	C/C 	233 	0 	233 	1 	89271574
rs2296292 	None 	A 	None 	A/A 	143 	None 	None 	1 	183086757
rs1137288 	rs1137288 	T 	C 	T/C 	50 	25 	25 	2 	30381505
rs1485175 	None 	T 	None 	T/T 	293 	None 	None 	3 	7620789
rs3749507 	rs3749507 	A 	G 	A/G 	311 	147 	164 	4 	128565000
rs3108237 	rs3108237 	G 	A 	A/A 	229 	0 	229 	4 	186112111
rs6596422 	rs6596422 	G 	A 	G/A 	252 	125 	127 	5 	137426447
rs1700490 	rs1700490 	G 	A 	G/A 	187 	103 	84 	5 	176402401
rs3736782 	rs3736782 	C 	A 	C/A 	190 	112 	78 	6 	26505403
rs257376 	rs257376 	G 	A 	A/A 	305 	0 	305 	7 	106799997
rs2241802 	rs2241802 	A 	G 	G/G 	148 	0 	148 	8 	28384712
rs944510 	None 	C 	None 	None 	None 	None 	None 	9 	117853022
rs2901343 	None 	C 	None 	None 	None 	None 	None 	10 	124457906
rs1446464 	None 	C 	None 	C/C 	216 	None 	None 	11 	8486310
rs1057908 	rs1057908 	T 	G 	T/G 	54 	30 	24 	12 	49230035
rs9707144 	rs9707144 	T 	C 	T/C 	100 	53 	47 	13 	25356053
rs3814871 	rs3814871 	G 	A 	G/A 	313 	166 	147 	14 	71444788
rs1267657 	None 	T 	None 	None 	None 	None 	None 	15 	83215251
rs33910368 	None 	A 	None 	A/A 	115 	None 	None 	16 	70569215
rs3851 	None 	A 	None 	A/A 	116 	None 	None 	17 	4686414
rs9958735 	rs9958735 	T 	C 	C/C 	194 	0 	194 	18 	56247180
rs238148 	rs238148 	C 	T 	T/T 	109 	0 	109 	20 	47850182
rs1053744 	rs1053744 	A 	G 	A/G 	241 	111 	130 	22 	50885775
