/Volumes/data1.odin/001_exome/diagnosticSamples//EE/Sample_Diag-excap16-13000644201-KIT-AI50Mbv5.130906_SN586_0177_AC2730ACXX/060_delivery/Sample_Diag-excap16-13000644201-KIT-AI50Mbv5.130906_SN586_0177_AC2730ACXX.snp.raw.snpFingerPrintingTest.vcf									
Sample_Diag-excap16-13000644201-KIT-AI50Mbv5 									
RS	RS	REF	ALT	Genotype	readDepth	allelic depth REF	allelic depth ALT	CHROM	POS
rs786906 	rs786906 	T 	C 	C/C 	118 	0 	118 	1 	89271574
rs2296292 	rs2296292 	A 	C 	C/C 	124 	0 	124 	1 	183086757
rs1137288 	None 	T 	None 	T/T 	58 	None 	None 	2 	30381505
rs1485175 	rs1485175 	T 	C 	C/C 	302 	0 	302 	3 	7620789
rs3749507 	rs3749507 	A 	G 	A/G 	332 	201 	131 	4 	128565000
rs3108237 	None 	G 	None 	None 	None 	None 	None 	4 	186112111
rs6596422 	rs6596422 	G 	A 	A/A 	216 	0 	216 	5 	137426447
rs1700490 	rs1700490 	G 	A 	G/A 	170 	85 	85 	5 	176402401
rs3736782 	None 	C 	None 	C/C 	231 	None 	None 	6 	26505403
rs257376 	None 	G 	None 	None 	None 	None 	None 	7 	106799997
rs2241802 	rs2241802 	A 	G 	G/G 	158 	0 	158 	8 	28384712
rs944510 	None 	C 	None 	None 	None 	None 	None 	9 	117853022
rs2901343 	rs2901343 	C 	T 	C/T 	228 	122 	106 	10 	124457906
rs1446464 	rs1446464 	C 	A 	A/A 	184 	1 	183 	11 	8486310
rs1057908 	rs1057908 	T 	G 	T/G 	63 	33 	30 	12 	49230035
rs9707144 	None 	T 	None 	T/T 	97 	None 	None 	13 	25356053
rs3814871 	rs3814871 	G 	A 	G/A 	322 	174 	148 	14 	71444788
rs1267657 	None 	T 	None 	None 	None 	None 	None 	15 	83215251
rs33910368 	rs33910368 	A 	T 	T/T 	98 	0 	98 	16 	70569215
rs3851 	rs3851 	A 	C 	C/C 	68 	1 	67 	17 	4686414
rs9958735 	rs9958735 	T 	C 	T/C 	223 	109 	114 	18 	56247180
rs238148 	rs238148 	C 	T 	T/T 	138 	0 	138 	20 	47850182
rs1053744 	None 	A 	None 	None 	None 	None 	None 	22 	50885775
