/Volumes/data1.odin/001_exome/diagnosticSamples//EE/Sample_Diag-excap22-13001144201-EE-KIT-Av5.140402_7001448_0259_AC3UNPACXX/060_delivery/Sample_Diag-excap22-13001144201-EE-KIT-Av5.140402_7001448_0259_AC3UNPACXX.snp.raw.snpFingerPrintingTest.vcf									
Sample_Diag-excap22-13001144201-EE-KIT-Av5 									
RS	RS	REF	ALT	Genotype	readDepth	allelic depth REF	allelic depth ALT	CHROM	POS
rs786906 	rs786906 	T 	C 	C/C 	200 	0 	200 	1 	89271574
rs2296292 	rs2296292 	A 	C 	A/C 	107 	66 	41 	1 	183086757
rs1137288 	rs1137288 	T 	C 	T/C 	21 	9 	12 	2 	30381505
rs1485175 	None 	T 	None 	T/T 	200 	None 	None 	3 	7620789
rs3749507 	rs3749507 	A 	G 	G/G 	200 	2 	198 	4 	128565000
rs3108237 	rs3108237 	G 	A 	G/A 	200 	114 	86 	4 	186112111
rs6596422 	rs6596422 	G 	A 	G/A 	200 	94 	106 	5 	137426447
rs1700490 	rs1700490 	G 	A 	G/A 	200 	109 	91 	5 	176402401
rs3736782 	rs3736782 	C 	A 	C/A 	187 	110 	77 	6 	26505403
rs257376 	rs257376 	G 	A 	G/A 	200 	112 	88 	7 	106799997
rs2241802 	rs2241802 	A 	G 	A/G 	171 	79 	92 	8 	28384712
rs944510 	rs944510 	C 	T 	C/T 	200 	105 	95 	9 	117853022
rs2901343 	rs2901343 	C 	T 	C/T 	200 	110 	90 	10 	124457906
rs1446464 	rs1446464 	C 	A 	C/A 	200 	105 	95 	11 	8486310
rs1057908 	rs1057908 	T 	G 	G/G 	44 	0 	44 	12 	49230035
rs9707144 	None 	T 	None 	T/T 	108 	None 	None 	13 	25356053
rs3814871 	None 	G 	None 	G/G 	200 	None 	None 	14 	71444788
rs1267657 	None 	T 	None 	T/T 	200 	None 	None 	15 	83215251
rs33910368 	rs33910368 	A 	T 	A/T 	107 	56 	51 	16 	70569215
rs3851 	rs3851 	A 	C 	C/C 	60 	0 	60 	17 	4686414
rs9958735 	rs9958735 	T 	C 	T/C 	195 	114 	81 	18 	56247180
rs238148 	rs238148 	C 	T 	C/T 	108 	43 	65 	20 	47850182
rs1053744 	rs1053744 	A 	G 	A/G 	200 	115 	85 	22 	50885775
