/Volumes/data1.odin/001_exome/diagnosticSamples//EE/Sample_Diag-excap18-13000233102-KIT-AI50Mbv5.131127_D00132_0057_BC36K4ACXX/060_delivery/Sample_Diag-excap18-13000233102-KIT-AI50Mbv5.131127_D00132_0057_BC36K4ACXX.snp.raw.snpFingerPrintingTest.vcf									
Sample_Diag-excap18-13000233102-KIT-AI50Mbv5 									
RS	RS	REF	ALT	Genotype	readDepth	allelic depth REF	allelic depth ALT	CHROM	POS
rs786906 	rs786906 	T 	C 	T/C 	242 	130 	112 	1 	89271574
rs2296292 	rs2296292 	A 	C 	C/C 	83 	0 	83 	1 	183086757
rs1137288 	None 	T 	None 	T/T 	42 	None 	None 	2 	30381505
rs1485175 	rs1485175 	T 	C 	T/C 	261 	153 	108 	3 	7620789
rs3749507 	None 	A 	None 	None 	None 	None 	None 	4 	128565000
rs3108237 	None 	G 	None 	G/G 	211 	None 	None 	4 	186112111
rs6596422 	rs6596422 	G 	A 	G/A 	171 	87 	83 	5 	137426447
rs1700490 	rs1700490 	G 	A 	G/A 	185 	90 	95 	5 	176402401
rs3736782 	rs3736782 	C 	A 	C/A 	201 	109 	92 	6 	26505403
rs257376 	rs257376 	G 	A 	G/A 	369 	210 	159 	7 	106799997
rs2241802 	None 	A 	None 	A/A 	194 	None 	None 	8 	28384712
rs944510 	None 	C 	None 	None 	None 	None 	None 	9 	117853022
rs2901343 	rs2901343 	C 	T 	C/T 	203 	91 	112 	10 	124457906
rs1446464 	None 	C 	None 	C/C 	204 	None 	None 	11 	8486310
rs1057908 	rs1057908 	T 	G 	T/G 	66 	29 	37 	12 	49230035
rs9707144 	rs9707144 	T 	C 	T/C 	104 	63 	41 	13 	25356053
rs3814871 	rs3814871 	G 	A 	G/A 	340 	183 	157 	14 	71444788
rs1267657 	rs1267657 	T 	C 	C/C 	232 	0 	232 	15 	83215251
rs33910368 	rs33910368 	A 	T 	T/T 	155 	0 	155 	16 	70569215
rs3851 	None 	A 	None 	A/A 	52 	None 	None 	17 	4686414
rs9958735 	None 	T 	None 	T/T 	207 	None 	None 	18 	56247180
rs238148 	rs238148 	C 	T 	T/T 	102 	0 	102 	20 	47850182
rs1053744 	rs1053744 	A 	G 	A/G 	160 	81 	79 	22 	50885775
