/Volumes/data1.odin/001_exome/diagnosticSamples//EE/Sample_Diag-excap21-14000070200-EE-KIT-Av5.140403_SN586_0191_AC42MNACXX/060_delivery/Sample_Diag-excap21-14000070200-EE-KIT-Av5.140403_SN586_0191_AC42MNACXX.snp.raw.snpFingerPrintingTest.vcf									
Sample_Diag-excap21-14000070200-EE-KIT-Av5 									
RS	RS	REF	ALT	Genotype	readDepth	allelic depth REF	allelic depth ALT	CHROM	POS
rs786906 	rs786906 	T 	C 	T/C 	151 	69 	81 	1 	89271574
rs2296292 	None 	A 	None 	A/A 	95 	None 	None 	1 	183086757
rs1137288 	None 	T 	None 	T/T 	14 	None 	None 	2 	30381505
rs1485175 	rs1485175 	T 	C 	C/C 	181 	1 	179 	3 	7620789
rs3749507 	None 	A 	None 	A/A 	200 	None 	None 	4 	128565000
rs3108237 	rs3108237 	G 	A 	A/A 	200 	0 	200 	4 	186112111
rs6596422 	rs6596422 	G 	A 	A/A 	161 	0 	161 	5 	137426447
rs1700490 	rs1700490 	G 	A 	G/A 	131 	80 	51 	5 	176402401
rs3736782 	None 	C 	None 	C/C 	149 	None 	None 	6 	26505403
rs257376 	rs257376 	G 	A 	A/A 	200 	0 	200 	7 	106799997
rs2241802 	rs2241802 	A 	G 	A/G 	120 	58 	62 	8 	28384712
rs944510 	None 	C 	None 	C/C 	200 	None 	None 	9 	117853022
rs2901343 	rs2901343 	C 	T 	C/T 	161 	75 	86 	10 	124457906
rs1446464 	rs1446464 	C 	A 	A/A 	168 	0 	168 	11 	8486310
rs1057908 	rs1057908 	T 	G 	T/G 	35 	23 	12 	12 	49230035
rs9707144 	rs9707144 	T 	C 	C/C 	78 	0 	78 	13 	25356053
rs3814871 	rs3814871 	G 	A 	G/A 	200 	110 	90 	14 	71444788
rs1267657 	rs1267657 	T 	C 	C/C 	191 	0 	191 	15 	83215251
rs33910368 	None 	A 	None 	A/A 	85 	None 	None 	16 	70569215
rs3851 	rs3851 	A 	C 	A/C 	58 	35 	23 	17 	4686414
rs9958735 	rs9958735 	T 	C 	C/C 	171 	1 	170 	18 	56247180
rs238148 	rs238148 	C 	T 	T/T 	70 	0 	70 	20 	47850182
rs1053744 	rs1053744 	A 	G 	G/G 	133 	0 	133 	22 	50885775
