/Volumes/data1.odin/001_exome/diagnosticSamples//Iktyose/Sample_Diag-excap21-13001045501-Iktyose-KIT-Av5.140403_SN586_0191_AC42MNACXX/060_delivery/Sample_Diag-excap21-13001045501-Iktyose-KIT-Av5.140403_SN586_0191_AC42MNACXX.snp.raw.snpFingerPrintingTest.vcf									
Sample_Diag-excap21-13001045501-Iktyose-KIT-Av5 									
RS	RS	REF	ALT	Genotype	readDepth	allelic depth REF	allelic depth ALT	CHROM	POS
rs786906 	None 	T 	None 	T/T 	133 	None 	None 	1 	89271574
rs2296292 	rs2296292 	A 	C 	C/C 	51 	0 	51 	1 	183086757
rs1137288 	rs1137288 	T 	C 	C/C 	11 	0 	11 	2 	30381505
rs1485175 	rs1485175 	T 	C 	C/C 	126 	0 	126 	3 	7620789
rs3749507 	rs3749507 	A 	G 	A/G 	200 	109 	91 	4 	128565000
rs3108237 	rs3108237 	G 	A 	G/A 	159 	71 	88 	4 	186112111
rs6596422 	rs6596422 	G 	A 	G/A 	118 	63 	55 	5 	137426447
rs1700490 	rs1700490 	G 	A 	G/A 	129 	81 	48 	5 	176402401
rs3736782 	rs3736782 	C 	A 	C/A 	105 	62 	43 	6 	26505403
rs257376 	rs257376 	G 	A 	G/A 	200 	112 	88 	7 	106799997
rs2241802 	None 	A 	None 	A/A 	106 	None 	None 	8 	28384712
rs944510 	rs944510 	C 	T 	C/T 	200 	91 	109 	9 	117853022
rs2901343 	None 	C 	None 	C/C 	158 	None 	None 	10 	124457906
rs1446464 	None 	C 	None 	C/C 	162 	None 	None 	11 	8486310
rs1057908 	rs1057908 	T 	G 	T/G 	31 	16 	15 	12 	49230035
rs9707144 	rs9707144 	T 	C 	T/C 	77 	38 	39 	13 	25356053
rs3814871 	rs3814871 	G 	A 	A/A 	176 	1 	174 	14 	71444788
rs1267657 	None 	T 	None 	T/T 	164 	None 	None 	15 	83215251
rs33910368 	None 	A 	None 	A/A 	92 	None 	None 	16 	70569215
rs3851 	None 	A 	None 	A/A 	39 	None 	None 	17 	4686414
rs9958735 	rs9958735 	T 	C 	C/C 	115 	1 	114 	18 	56247180
rs238148 	rs238148 	C 	T 	T/T 	61 	0 	61 	20 	47850182
rs1053744 	rs1053744 	A 	G 	G/G 	116 	0 	116 	22 	50885775
