/Volumes/data1.odin/001_exome/diagnosticSamples//EE/Sample_Diag-excap16-13000601601-KIT-AI50Mbv5.130906_SN586_0177_AC2730ACXX/060_delivery/Sample_Diag-excap16-13000601601-KIT-AI50Mbv5.130906_SN586_0177_AC2730ACXX.snp.raw.snpFingerPrintingTest.vcf									
Sample_Diag-excap16-13000601601-KIT-AI50Mbv5 									
RS	RS	REF	ALT	Genotype	readDepth	allelic depth REF	allelic depth ALT	CHROM	POS
rs786906 	rs786906 	T 	C 	C/C 	94 	0 	94 	1 	89271574
rs2296292 	rs2296292 	A 	C 	A/C 	115 	56 	59 	1 	183086757
rs1137288 	rs1137288 	T 	C 	T/C 	55 	30 	25 	2 	30381505
rs1485175 	rs1485175 	T 	C 	C/C 	283 	1 	282 	3 	7620789
rs3749507 	None 	A 	None 	A/A 	344 	None 	None 	4 	128565000
rs3108237 	rs3108237 	G 	A 	G/A 	201 	102 	99 	4 	186112111
rs6596422 	None 	G 	None 	G/G 	270 	None 	None 	5 	137426447
rs1700490 	rs1700490 	G 	A 	G/A 	197 	106 	91 	5 	176402401
rs3736782 	None 	C 	None 	C/C 	216 	None 	None 	6 	26505403
rs257376 	rs257376 	G 	A 	G/A 	256 	153 	103 	7 	106799997
rs2241802 	rs2241802 	A 	G 	A/G 	167 	91 	76 	8 	28384712
rs944510 	rs944510 	C 	T 	C/T 	411 	209 	201 	9 	117853022
rs2901343 	rs2901343 	C 	T 	C/T 	202 	100 	102 	10 	124457906
rs1446464 	None 	C 	None 	C/C 	216 	None 	None 	11 	8486310
rs1057908 	rs1057908 	T 	G 	G/G 	65 	0 	65 	12 	49230035
rs9707144 	rs9707144 	T 	C 	C/C 	62 	1 	61 	13 	25356053
rs3814871 	rs3814871 	G 	A 	G/A 	399 	211 	188 	14 	71444788
rs1267657 	rs1267657 	T 	C 	T/C 	230 	122 	108 	15 	83215251
rs33910368 	None 	A 	None 	A/A 	121 	None 	None 	16 	70569215
rs3851 	None 	A 	None 	A/A 	79 	None 	None 	17 	4686414
rs9958735 	None 	T 	None 	None 	None 	None 	None 	18 	56247180
rs238148 	rs238148 	C 	T 	T/T 	98 	0 	98 	20 	47850182
rs1053744 	rs1053744 	A 	G 	A/G 	237 	130 	107 	22 	50885775
