/Volumes/data1.odin/001_exome/diagnosticSamples//EE/Sample_Diag-excap21-14000118501-EE-KIT-Av5.140403_SN586_0191_AC42MNACXX/060_delivery/Sample_Diag-excap21-14000118501-EE-KIT-Av5.140403_SN586_0191_AC42MNACXX.snp.raw.snpFingerPrintingTest.vcf									
Sample_Diag-excap21-14000118501-EE-KIT-Av5 									
RS	RS	REF	ALT	Genotype	readDepth	allelic depth REF	allelic depth ALT	CHROM	POS
rs786906 	rs786906 	T 	C 	T/C 	161 	93 	66 	1 	89271574
rs2296292 	rs2296292 	A 	C 	A/C 	75 	43 	32 	1 	183086757
rs1137288 	None 	T 	None 	T/T 	11 	None 	None 	2 	30381505
rs1485175 	None 	T 	None 	T/T 	192 	None 	None 	3 	7620789
rs3749507 	rs3749507 	A 	G 	G/G 	200 	0 	200 	4 	128565000
rs3108237 	rs3108237 	G 	A 	A/A 	185 	0 	185 	4 	186112111
rs6596422 	rs6596422 	G 	A 	G/A 	162 	83 	79 	5 	137426447
rs1700490 	rs1700490 	G 	A 	A/A 	149 	0 	149 	5 	176402401
rs3736782 	rs3736782 	C 	A 	C/A 	136 	77 	59 	6 	26505403
rs257376 	rs257376 	G 	A 	A/A 	200 	0 	200 	7 	106799997
rs2241802 	rs2241802 	A 	G 	A/G 	133 	76 	57 	8 	28384712
rs944510 	None 	C 	None 	C/C 	200 	None 	None 	9 	117853022
rs2901343 	rs2901343 	C 	T 	C/T 	158 	83 	75 	10 	124457906
rs1446464 	None 	C 	None 	C/C 	177 	None 	None 	11 	8486310
rs1057908 	rs1057908 	T 	G 	T/G 	60 	35 	25 	12 	49230035
rs9707144 	None 	T 	None 	T/T 	102 	None 	None 	13 	25356053
rs3814871 	None 	G 	None 	G/G 	200 	None 	None 	14 	71444788
rs1267657 	rs1267657 	T 	C 	T/C 	175 	76 	99 	15 	83215251
rs33910368 	rs33910368 	A 	T 	A/T 	96 	58 	38 	16 	70569215
rs3851 	rs3851 	A 	C 	A/C 	59 	35 	24 	17 	4686414
rs9958735 	rs9958735 	T 	C 	T/C 	159 	86 	73 	18 	56247180
rs238148 	rs238148 	C 	T 	C/T 	94 	48 	46 	20 	47850182
rs1053744 	rs1053744 	A 	G 	A/G 	157 	78 	79 	22 	50885775
