/Volumes/data1.odin/001_exome/diagnosticSamples//Bindevev/Sample_Diag-excap20-13001172200-Bindevev-KIT-Av5.140305_D00132_0066_AC3U4PACXX/060_delivery/Sample_Diag-excap20-13001172200-Bindevev-KIT-Av5.140305_D00132_0066_AC3U4PACXX.snp.raw.snpFingerPrintingTest.vcf									
Sample_Diag-excap20-13001172200-Bindevev-KIT-Av5 									
RS	RS	REF	ALT	Genotype	readDepth	allelic depth REF	allelic depth ALT	CHROM	POS
rs786906 	rs786906 	T 	C 	T/C 	173 	102 	71 	1 	89271574
rs2296292 	rs2296292 	A 	C 	C/C 	97 	0 	97 	1 	183086757
rs1137288 	rs1137288 	T 	C 	T/C 	18 	10 	8 	2 	30381505
rs1485175 	rs1485175 	T 	C 	C/C 	194 	0 	194 	3 	7620789
rs3749507 	None 	A 	None 	A/A 	200 	None 	None 	4 	128565000
rs3108237 	rs3108237 	G 	A 	G/A 	200 	97 	103 	4 	186112111
rs6596422 	rs6596422 	G 	A 	G/A 	177 	92 	85 	5 	137426447
rs1700490 	None 	G 	None 	G/G 	159 	None 	None 	5 	176402401
rs3736782 	None 	C 	None 	C/C 	151 	None 	None 	6 	26505403
rs257376 	rs257376 	G 	A 	A/A 	200 	0 	199 	7 	106799997
rs2241802 	rs2241802 	A 	G 	A/G 	159 	84 	75 	8 	28384712
rs944510 	rs944510 	C 	T 	T/T 	200 	0 	200 	9 	117853022
rs2901343 	rs2901343 	C 	T 	T/T 	149 	2 	147 	10 	124457906
rs1446464 	None 	C 	None 	C/C 	195 	None 	None 	11 	8486310
rs1057908 	None 	T 	None 	T/T 	52 	None 	None 	12 	49230035
rs9707144 	rs9707144 	T 	C 	T/C 	107 	60 	47 	13 	25356053
rs3814871 	rs3814871 	G 	A 	G/A 	200 	121 	79 	14 	71444788
rs1267657 	None 	T 	None 	T/T 	200 	None 	None 	15 	83215251
rs33910368 	rs33910368 	A 	T 	T/T 	111 	0 	111 	16 	70569215
rs3851 	None 	A 	None 	A/A 	53 	None 	None 	17 	4686414
rs9958735 	None 	T 	None 	T/T 	200 	None 	None 	18 	56247180
rs238148 	rs238148 	C 	T 	T/T 	83 	0 	83 	20 	47850182
rs1053744 	None 	A 	None 	A/A 	185 	None 	None 	22 	50885775
