/Volumes/data1.odin/001_exome/diagnosticSamples//Ciliopati/Sample_Diag-excap19-13000830801-Ciliopati-KIT-Av5.140103_7001448_0252_BC3F4UACXX/060_delivery/Sample_Diag-excap19-13000830801-Ciliopati-KIT-Av5.140103_7001448_0252_BC3F4UACXX.snp.raw.snpFingerPrintingTest.vcf									
Sample_Diag-excap19-13000830801-Ciliopati-KIT-Av5 									
RS	RS	REF	ALT	Genotype	readDepth	allelic depth REF	allelic depth ALT	CHROM	POS
rs786906 	rs786906 	T 	C 	T/C 	200 	93 	107 	1 	89271574
rs2296292 	rs2296292 	A 	C 	A/C 	102 	55 	47 	1 	183086757
rs1137288 	None 	T 	None 	T/T 	24 	None 	None 	2 	30381505
rs1485175 	rs1485175 	T 	C 	T/C 	200 	119 	81 	3 	7620789
rs3749507 	rs3749507 	A 	G 	G/G 	200 	1 	198 	4 	128565000
rs3108237 	rs3108237 	G 	A 	G/A 	200 	103 	97 	4 	186112111
rs6596422 	rs6596422 	G 	A 	G/A 	192 	98 	94 	5 	137426447
rs1700490 	None 	G 	None 	G/G 	196 	None 	None 	5 	176402401
rs3736782 	rs3736782 	C 	A 	A/A 	129 	0 	129 	6 	26505403
rs257376 	None 	G 	None 	G/G 	200 	None 	None 	7 	106799997
rs2241802 	rs2241802 	A 	G 	A/G 	183 	96 	87 	8 	28384712
rs944510 	rs944510 	C 	T 	T/T 	200 	0 	200 	9 	117853022
rs2901343 	rs2901343 	C 	T 	T/T 	192 	0 	192 	10 	124457906
rs1446464 	None 	C 	None 	C/C 	200 	None 	None 	11 	8486310
rs1057908 	rs1057908 	T 	G 	T/G 	66 	32 	34 	12 	49230035
rs9707144 	rs9707144 	T 	C 	T/C 	128 	66 	62 	13 	25356053
rs3814871 	None 	G 	None 	G/G 	200 	None 	None 	14 	71444788
rs1267657 	rs1267657 	T 	C 	C/C 	200 	1 	199 	15 	83215251
rs33910368 	rs33910368 	A 	T 	A/T 	134 	69 	65 	16 	70569215
rs3851 	None 	A 	None 	A/A 	81 	None 	None 	17 	4686414
rs9958735 	None 	T 	None 	T/T 	186 	None 	None 	18 	56247180
rs238148 	rs238148 	C 	T 	T/T 	117 	0 	117 	20 	47850182
rs1053744 	rs1053744 	A 	G 	G/G 	175 	0 	175 	22 	50885775
