/Volumes/data1.odin/001_exome/diagnosticSamples//EE/Sample_Diag-excap18-13000860900-KIT-AI50Mbv5.131127_D00132_0057_BC36K4ACXX/060_delivery/Sample_Diag-excap18-13000860900-KIT-AI50Mbv5.131127_D00132_0057_BC36K4ACXX.snp.raw.snpFingerPrintingTest.vcf									
Sample_Diag-excap18-13000860900-KIT-AI50Mbv5 									
RS	RS	REF	ALT	Genotype	readDepth	allelic depth REF	allelic depth ALT	CHROM	POS
rs786906 	rs786906 	T 	C 	C/C 	158 	0 	158 	1 	89271574
rs2296292 	rs2296292 	A 	C 	A/C 	109 	53 	56 	1 	183086757
rs1137288 	rs1137288 	T 	C 	T/C 	35 	16 	19 	2 	30381505
rs1485175 	rs1485175 	T 	C 	T/C 	225 	121 	104 	3 	7620789
rs3749507 	rs3749507 	A 	G 	G/G 	282 	1 	281 	4 	128565000
rs3108237 	rs3108237 	G 	A 	G/A 	229 	127 	102 	4 	186112111
rs6596422 	rs6596422 	G 	A 	G/A 	158 	85 	73 	5 	137426447
rs1700490 	None 	G 	None 	G/G 	162 	None 	None 	5 	176402401
rs3736782 	rs3736782 	C 	A 	C/A 	156 	75 	81 	6 	26505403
rs257376 	rs257376 	G 	A 	G/A 	294 	139 	155 	7 	106799997
rs2241802 	rs2241802 	A 	G 	G/G 	163 	0 	163 	8 	28384712
rs944510 	rs944510 	C 	T 	C/T 	303 	164 	139 	9 	117853022
rs2901343 	rs2901343 	C 	T 	C/T 	195 	110 	85 	10 	124457906
rs1446464 	None 	C 	None 	C/C 	191 	None 	None 	11 	8486310
rs1057908 	rs1057908 	T 	G 	T/G 	56 	33 	23 	12 	49230035
rs9707144 	rs9707144 	T 	C 	T/C 	92 	55 	37 	13 	25356053
rs3814871 	rs3814871 	G 	A 	G/A 	300 	159 	141 	14 	71444788
rs1267657 	None 	T 	None 	T/T 	193 	None 	None 	15 	83215251
rs33910368 	None 	A 	None 	A/A 	147 	None 	None 	16 	70569215
rs3851 	rs3851 	A 	C 	A/C 	62 	34 	28 	17 	4686414
rs9958735 	rs9958735 	T 	C 	C/C 	185 	1 	184 	18 	56247180
rs238148 	rs238148 	C 	T 	C/T 	89 	41 	48 	20 	47850182
rs1053744 	rs1053744 	A 	G 	A/G 	152 	80 	72 	22 	50885775
