/Volumes/data1.odin/001_exome/diagnosticSamples//EE/Sample_Diag-excap19-137dup-EE-KIT-Av5.140107_D00132_0060_AC3FCPACXX/060_delivery/Sample_Diag-excap19-137dup-EE-KIT-Av5.140107_D00132_0060_AC3FCPACXX.snp.raw.snpFingerPrintingTest.vcf									
Sample_Diag-excap19-137dup-EE-KIT-Av5 									
RS	RS	REF	ALT	Genotype	readDepth	allelic depth REF	allelic depth ALT	CHROM	POS
rs786906 	rs786906 	T 	C 	T/C 	160 	94 	66 	1 	89271574
rs2296292 	None 	A 	None 	A/A 	95 	None 	None 	1 	183086757
rs1137288 	rs1137288 	T 	C 	T/C 	20 	9 	11 	2 	30381505
rs1485175 	None 	T 	None 	T/T 	200 	None 	None 	3 	7620789
rs3749507 	rs3749507 	A 	G 	G/G 	200 	0 	200 	4 	128565000
rs3108237 	rs3108237 	G 	A 	G/A 	200 	101 	99 	4 	186112111
rs6596422 	rs6596422 	G 	A 	A/A 	134 	0 	134 	5 	137426447
rs1700490 	rs1700490 	G 	A 	G/A 	165 	88 	77 	5 	176402401
rs3736782 	rs3736782 	C 	A 	C/A 	176 	95 	81 	6 	26505403
rs257376 	rs257376 	G 	A 	A/A 	200 	0 	200 	7 	106799997
rs2241802 	rs2241802 	A 	G 	A/G 	153 	83 	70 	8 	28384712
rs944510 	rs944510 	C 	T 	C/T 	200 	104 	96 	9 	117853022
rs2901343 	None 	C 	None 	C/C 	200 	None 	None 	10 	124457906
rs1446464 	rs1446464 	C 	A 	C/A 	138 	76 	62 	11 	8486310
rs1057908 	None 	T 	None 	T/T 	61 	None 	None 	12 	49230035
rs9707144 	rs9707144 	T 	C 	T/C 	115 	66 	49 	13 	25356053
rs3814871 	None 	G 	None 	G/G 	200 	None 	None 	14 	71444788
rs1267657 	rs1267657 	T 	C 	T/C 	188 	86 	102 	15 	83215251
rs33910368 	rs33910368 	A 	T 	A/T 	122 	67 	55 	16 	70569215
rs3851 	rs3851 	A 	C 	A/C 	45 	25 	20 	17 	4686414
rs9958735 	None 	T 	None 	T/T 	191 	None 	None 	18 	56247180
rs238148 	rs238148 	C 	T 	T/T 	64 	0 	64 	20 	47850182
rs1053744 	rs1053744 	A 	G 	A/G 	171 	94 	77 	22 	50885775
