/Volumes/data1.odin/001_exome/diagnosticSamples//Ciliopati/Sample_Diag-excap23-14000176502-Ciliopati-Kit-Av5.140423_D00132_0071_BC42D4ACXX/060_delivery/Sample_Diag-excap23-14000176502-Ciliopati-Kit-Av5.140423_D00132_0071_BC42D4ACXX.snp.raw.snpFingerPrintingTest.vcf									
Sample_Diag-excap23-14000176502-Ciliopati-Kit-Av5 									
RS	RS	REF	ALT	Genotype	readDepth	allelic depth REF	allelic depth ALT	CHROM	POS
rs786906 	None 	T 	None 	T/T 	200 	None 	None 	1 	89271574
rs2296292 	None 	A 	None 	A/A 	129 	None 	None 	1 	183086757
rs1137288 	rs1137288 	T 	C 	T/C 	36 	14 	22 	2 	30381505
rs1485175 	rs1485175 	T 	C 	T/C 	200 	105 	94 	3 	7620789
rs3749507 	rs3749507 	A 	G 	A/G 	200 	109 	91 	4 	128565000
rs3108237 	rs3108237 	G 	A 	G/A 	200 	108 	91 	4 	186112111
rs6596422 	rs6596422 	G 	A 	A/A 	151 	3 	148 	5 	137426447
rs1700490 	None 	G 	None 	G/G 	193 	None 	None 	5 	176402401
rs3736782 	rs3736782 	C 	A 	A/A 	148 	0 	148 	6 	26505403
rs257376 	rs257376 	G 	A 	G/A 	200 	118 	82 	7 	106799997
rs2241802 	None 	A 	None 	A/A 	189 	None 	None 	8 	28384712
rs944510 	rs944510 	C 	T 	C/T 	200 	117 	83 	9 	117853022
rs2901343 	None 	C 	None 	C/C 	200 	None 	None 	10 	124457906
rs1446464 	rs1446464 	C 	A 	A/A 	190 	0 	190 	11 	8486310
rs1057908 	rs1057908 	T 	G 	T/G 	54 	30 	24 	12 	49230035
rs9707144 	rs9707144 	T 	C 	T/C 	88 	49 	39 	13 	25356053
rs3814871 	None 	G 	None 	G/G 	200 	None 	None 	14 	71444788
rs1267657 	None 	T 	None 	T/T 	200 	None 	None 	15 	83215251
rs33910368 	rs33910368 	A 	T 	A/T 	92 	51 	41 	16 	70569215
rs3851 	None 	A 	None 	A/A 	80 	None 	None 	17 	4686414
rs9958735 	rs9958735 	T 	C 	T/C 	200 	112 	88 	18 	56247180
rs238148 	rs238148 	C 	T 	T/T 	75 	0 	75 	20 	47850182
rs1053744 	None 	A 	None 	A/A 	200 	None 	None 	22 	50885775
