/Volumes/data1.odin/001_exome/diagnosticSamples//EE/Sample_Diag-excap24-14000285401-EE-Kit-Av5.140423_D00132_0071_BC42D4ACXX/060_delivery/Sample_Diag-excap24-14000285401-EE-Kit-Av5.140423_D00132_0071_BC42D4ACXX.snp.raw.snpFingerPrintingTest.vcf									
Sample_Diag-excap24-14000285401-EE-Kit-Av5 									
RS	RS	REF	ALT	Genotype	readDepth	allelic depth REF	allelic depth ALT	CHROM	POS
rs786906 	rs786906 	T 	C 	C/C 	200 	1 	199 	1 	89271574
rs2296292 	rs2296292 	A 	C 	C/C 	89 	0 	89 	1 	183086757
rs1137288 	rs1137288 	T 	C 	C/C 	15 	0 	15 	2 	30381505
rs1485175 	None 	T 	None 	T/T 	200 	None 	None 	3 	7620789
rs3749507 	rs3749507 	A 	G 	G/G 	200 	0 	200 	4 	128565000
rs3108237 	rs3108237 	G 	A 	G/A 	200 	112 	88 	4 	186112111
rs6596422 	rs6596422 	G 	A 	A/A 	161 	0 	161 	5 	137426447
rs1700490 	rs1700490 	G 	A 	G/A 	200 	91 	109 	5 	176402401
rs3736782 	rs3736782 	C 	A 	C/A 	177 	96 	81 	6 	26505403
rs257376 	rs257376 	G 	A 	G/A 	200 	111 	89 	7 	106799997
rs2241802 	rs2241802 	A 	G 	A/G 	145 	81 	64 	8 	28384712
rs944510 	rs944510 	C 	T 	C/T 	200 	105 	95 	9 	117853022
rs2901343 	rs2901343 	C 	T 	T/T 	200 	2 	198 	10 	124457906
rs1446464 	rs1446464 	C 	A 	C/A 	200 	101 	99 	11 	8486310
rs1057908 	None 	T 	None 	T/T 	61 	None 	None 	12 	49230035
rs9707144 	rs9707144 	T 	C 	C/C 	109 	0 	109 	13 	25356053
rs3814871 	None 	G 	None 	G/G 	200 	None 	None 	14 	71444788
rs1267657 	rs1267657 	T 	C 	T/C 	184 	99 	85 	15 	83215251
rs33910368 	rs33910368 	A 	T 	T/T 	113 	0 	113 	16 	70569215
rs3851 	rs3851 	A 	C 	C/C 	34 	0 	34 	17 	4686414
rs9958735 	rs9958735 	T 	C 	C/C 	167 	0 	167 	18 	56247180
rs238148 	rs238148 	C 	T 	T/T 	92 	0 	92 	20 	47850182
rs1053744 	rs1053744 	A 	G 	A/G 	174 	111 	63 	22 	50885775
