/Volumes/data1.odin/001_exome/diagnosticSamples//HSPogHA/Sample_Diag-excap22-14000152900-HSPogHA-KIT-Av5.140326_D00132_0068_AC3UPKACXX/060_delivery/Sample_Diag-excap22-14000152900-HSPogHA-KIT-Av5.140326_D00132_0068_AC3UPKACXX.snp.raw.snpFingerPrintingTest.vcf									
Sample_Diag-excap22-14000152900-HSPogHA-KIT-Av5 									
RS	RS	REF	ALT	Genotype	readDepth	allelic depth REF	allelic depth ALT	CHROM	POS
rs786906 	rs786906 	T 	C 	T/C 	188 	105 	83 	1 	89271574
rs2296292 	None 	A 	None 	A/A 	110 	None 	None 	1 	183086757
rs1137288 	rs1137288 	T 	C 	C/C 	20 	0 	20 	2 	30381505
rs1485175 	None 	T 	None 	T/T 	200 	None 	None 	3 	7620789
rs3749507 	None 	A 	None 	A/A 	200 	None 	None 	4 	128565000
rs3108237 	rs3108237 	G 	A 	G/A 	200 	118 	81 	4 	186112111
rs6596422 	None 	G 	None 	G/G 	194 	None 	None 	5 	137426447
rs1700490 	rs1700490 	G 	A 	G/A 	195 	106 	89 	5 	176402401
rs3736782 	None 	C 	None 	C/C 	190 	None 	None 	6 	26505403
rs257376 	rs257376 	G 	A 	A/A 	200 	1 	199 	7 	106799997
rs2241802 	rs2241802 	A 	G 	G/G 	155 	2 	153 	8 	28384712
rs944510 	rs944510 	C 	T 	C/T 	200 	103 	96 	9 	117853022
rs2901343 	rs2901343 	C 	T 	C/T 	200 	103 	97 	10 	124457906
rs1446464 	rs1446464 	C 	A 	C/A 	200 	97 	103 	11 	8486310
rs1057908 	rs1057908 	T 	G 	T/G 	58 	31 	27 	12 	49230035
rs9707144 	None 	T 	None 	T/T 	112 	None 	None 	13 	25356053
rs3814871 	None 	G 	None 	G/G 	200 	None 	None 	14 	71444788
rs1267657 	rs1267657 	T 	C 	T/C 	200 	103 	97 	15 	83215251
rs33910368 	rs33910368 	A 	T 	A/T 	137 	80 	57 	16 	70569215
rs3851 	rs3851 	A 	C 	A/C 	60 	36 	24 	17 	4686414
rs9958735 	rs9958735 	T 	C 	T/C 	200 	104 	96 	18 	56247180
rs238148 	rs238148 	C 	T 	T/T 	105 	0 	105 	20 	47850182
rs1053744 	rs1053744 	A 	G 	G/G 	200 	0 	200 	22 	50885775
