/Volumes/data1.odin/001_exome/diagnosticSamples//EE/Sample_Diag-excap19-13001037301-EE-KIT-Av5.140107_D00132_0060_AC3FCPACXX/060_delivery/Sample_Diag-excap19-13001037301-EE-KIT-Av5.140107_D00132_0060_AC3FCPACXX.snp.raw.snpFingerPrintingTest.vcf									
Sample_Diag-excap19-13001037301-EE-KIT-Av5 									
RS	RS	REF	ALT	Genotype	readDepth	allelic depth REF	allelic depth ALT	CHROM	POS
rs786906 	rs786906 	T 	C 	T/C 	178 	94 	84 	1 	89271574
rs2296292 	rs2296292 	A 	C 	A/C 	111 	63 	48 	1 	183086757
rs1137288 	rs1137288 	T 	C 	T/C 	22 	12 	10 	2 	30381505
rs1485175 	rs1485175 	T 	C 	C/C 	199 	1 	198 	3 	7620789
rs3749507 	rs3749507 	A 	G 	A/G 	200 	114 	86 	4 	128565000
rs3108237 	None 	G 	None 	G/G 	200 	None 	None 	4 	186112111
rs6596422 	rs6596422 	G 	A 	A/A 	171 	2 	169 	5 	137426447
rs1700490 	None 	G 	None 	G/G 	166 	None 	None 	5 	176402401
rs3736782 	rs3736782 	C 	A 	C/A 	157 	81 	76 	6 	26505403
rs257376 	None 	G 	None 	G/G 	200 	None 	None 	7 	106799997
rs2241802 	None 	A 	None 	A/A 	178 	None 	None 	8 	28384712
rs944510 	rs944510 	C 	T 	C/T 	200 	93 	107 	9 	117853022
rs2901343 	rs2901343 	C 	T 	C/T 	200 	104 	96 	10 	124457906
rs1446464 	None 	C 	None 	C/C 	200 	None 	None 	11 	8486310
rs1057908 	None 	T 	None 	T/T 	75 	None 	None 	12 	49230035
rs9707144 	rs9707144 	T 	C 	T/C 	93 	48 	45 	13 	25356053
rs3814871 	rs3814871 	G 	A 	G/A 	200 	99 	101 	14 	71444788
rs1267657 	rs1267657 	T 	C 	T/C 	200 	112 	88 	15 	83215251
rs33910368 	rs33910368 	A 	T 	A/T 	134 	72 	62 	16 	70569215
rs3851 	None 	A 	None 	A/A 	64 	None 	None 	17 	4686414
rs9958735 	rs9958735 	T 	C 	T/C 	185 	105 	80 	18 	56247180
rs238148 	rs238148 	C 	T 	T/T 	93 	0 	93 	20 	47850182
rs1053744 	rs1053744 	A 	G 	A/G 	192 	104 	87 	22 	50885775
