/Volumes/data1.odin/001_exome/diagnosticSamples//Bindevev/Sample_Diag-excap17-13000703501-KIT-AI50Mbv5.131009_7001448_0223_AC2G2UACXX/060_delivery/Sample_Diag-excap17-13000703501-KIT-AI50Mbv5.131009_7001448_0223_AC2G2UACXX.snp.raw.snpFingerPrintingTest.vcf									
Sample_Diag-excap17-13000703501-KIT-AI50Mbv5 									
RS	RS	REF	ALT	Genotype	readDepth	allelic depth REF	allelic depth ALT	CHROM	POS
rs786906 	rs786906 	T 	C 	T/C 	105 	48 	57 	1 	89271574
rs2296292 	rs2296292 	A 	C 	C/C 	109 	0 	109 	1 	183086757
rs1137288 	rs1137288 	T 	C 	T/C 	41 	21 	20 	2 	30381505
rs1485175 	rs1485175 	T 	C 	T/C 	266 	144 	122 	3 	7620789
rs3749507 	None 	A 	None 	A/A 	358 	None 	None 	4 	128565000
rs3108237 	rs3108237 	G 	A 	A/A 	206 	0 	206 	4 	186112111
rs6596422 	rs6596422 	G 	A 	A/A 	244 	1 	243 	5 	137426447
rs1700490 	rs1700490 	G 	A 	A/A 	171 	0 	171 	5 	176402401
rs3736782 	None 	C 	None 	None 	None 	None 	None 	6 	26505403
rs257376 	rs257376 	G 	A 	G/A 	218 	136 	82 	7 	106799997
rs2241802 	rs2241802 	A 	G 	A/G 	171 	98 	73 	8 	28384712
rs944510 	None 	C 	None 	C/C 	445 	None 	None 	9 	117853022
rs2901343 	rs2901343 	C 	T 	C/T 	214 	115 	99 	10 	124457906
rs1446464 	rs1446464 	C 	A 	C/A 	166 	88 	78 	11 	8486310
rs1057908 	rs1057908 	T 	G 	G/G 	81 	0 	81 	12 	49230035
rs9707144 	rs9707144 	T 	C 	T/C 	61 	28 	33 	13 	25356053
rs3814871 	rs3814871 	G 	A 	G/A 	385 	195 	190 	14 	71444788
rs1267657 	None 	T 	None 	T/T 	235 	None 	None 	15 	83215251
rs33910368 	rs33910368 	A 	T 	A/T 	127 	72 	55 	16 	70569215
rs3851 	None 	A 	None 	A/A 	92 	None 	None 	17 	4686414
rs9958735 	None 	T 	None 	None 	None 	None 	None 	18 	56247180
rs238148 	rs238148 	C 	T 	T/T 	138 	0 	138 	20 	47850182
rs1053744 	rs1053744 	A 	G 	A/G 	199 	110 	89 	22 	50885775
