/Volumes/data1.odin/001_exome/diagnosticSamples//Leber/Sample_Diag-excap24-14000243201-Leber-Kit-Av5.140423_D00132_0071_BC42D4ACXX/060_delivery/Sample_Diag-excap24-14000243201-Leber-Kit-Av5.140423_D00132_0071_BC42D4ACXX.snp.raw.snpFingerPrintingTest.vcf									
Sample_Diag-excap24-14000243201-Leber-Kit-Av5 									
RS	RS	REF	ALT	Genotype	readDepth	allelic depth REF	allelic depth ALT	CHROM	POS
rs786906 	rs786906 	T 	C 	C/C 	169 	0 	168 	1 	89271574
rs2296292 	rs2296292 	A 	C 	C/C 	72 	0 	72 	1 	183086757
rs1137288 	None 	T 	None 	T/T 	13 	None 	None 	2 	30381505
rs1485175 	None 	T 	None 	T/T 	200 	None 	None 	3 	7620789
rs3749507 	None 	A 	None 	A/A 	200 	None 	None 	4 	128565000
rs3108237 	None 	G 	None 	G/G 	200 	None 	None 	4 	186112111
rs6596422 	rs6596422 	G 	A 	G/A 	136 	69 	67 	5 	137426447
rs1700490 	rs1700490 	G 	A 	G/A 	145 	70 	75 	5 	176402401
rs3736782 	rs3736782 	C 	A 	C/A 	131 	62 	69 	6 	26505403
rs257376 	None 	G 	None 	G/G 	200 	None 	None 	7 	106799997
rs2241802 	rs2241802 	A 	G 	G/G 	136 	0 	136 	8 	28384712
rs944510 	rs944510 	C 	T 	C/T 	200 	103 	97 	9 	117853022
rs2901343 	None 	C 	None 	C/C 	197 	None 	None 	10 	124457906
rs1446464 	rs1446464 	C 	A 	A/A 	174 	1 	173 	11 	8486310
rs1057908 	None 	T 	None 	T/T 	37 	None 	None 	12 	49230035
rs9707144 	None 	T 	None 	T/T 	97 	None 	None 	13 	25356053
rs3814871 	None 	G 	None 	G/G 	200 	None 	None 	14 	71444788
rs1267657 	None 	T 	None 	T/T 	166 	None 	None 	15 	83215251
rs33910368 	rs33910368 	A 	T 	T/T 	72 	1 	71 	16 	70569215
rs3851 	rs3851 	A 	C 	A/C 	51 	28 	23 	17 	4686414
rs9958735 	rs9958735 	T 	C 	C/C 	141 	0 	141 	18 	56247180
rs238148 	rs238148 	C 	T 	T/T 	70 	0 	70 	20 	47850182
rs1053744 	rs1053744 	A 	G 	A/G 	121 	72 	49 	22 	50885775
