/Volumes/data1.odin/001_exome/diagnosticSamples//PCD/Sample_Diag-excap20-13001157000-PCD-KIT-Av5.140305_D00132_0066_AC3U4PACXX/060_delivery/Sample_Diag-excap20-13001157000-PCD-KIT-Av5.140305_D00132_0066_AC3U4PACXX.snp.raw.snpFingerPrintingTest.vcf									
Sample_Diag-excap20-13001157000-PCD-KIT-Av5 									
RS	RS	REF	ALT	Genotype	readDepth	allelic depth REF	allelic depth ALT	CHROM	POS
rs786906 	rs786906 	T 	C 	C/C 	169 	1 	168 	1 	89271574
rs2296292 	None 	A 	None 	A/A 	94 	None 	None 	1 	183086757
rs1137288 	rs1137288 	T 	C 	T/C 	11 	5 	6 	2 	30381505
rs1485175 	rs1485175 	T 	C 	C/C 	181 	0 	181 	3 	7620789
rs3749507 	None 	A 	None 	A/A 	200 	None 	None 	4 	128565000
rs3108237 	rs3108237 	G 	A 	G/A 	200 	96 	104 	4 	186112111
rs6596422 	rs6596422 	G 	A 	G/A 	166 	86 	79 	5 	137426447
rs1700490 	rs1700490 	G 	A 	G/A 	153 	76 	77 	5 	176402401
rs3736782 	rs3736782 	C 	A 	C/A 	134 	76 	58 	6 	26505403
rs257376 	rs257376 	G 	A 	G/A 	200 	105 	95 	7 	106799997
rs2241802 	rs2241802 	A 	G 	G/G 	132 	1 	131 	8 	28384712
rs944510 	rs944510 	C 	T 	C/T 	200 	100 	100 	9 	117853022
rs2901343 	rs2901343 	C 	T 	C/T 	169 	106 	63 	10 	124457906
rs1446464 	rs1446464 	C 	A 	C/A 	170 	100 	70 	11 	8486310
rs1057908 	rs1057908 	T 	G 	T/G 	47 	27 	20 	12 	49230035
rs9707144 	rs9707144 	T 	C 	T/C 	79 	38 	41 	13 	25356053
rs3814871 	rs3814871 	G 	A 	G/A 	200 	109 	91 	14 	71444788
rs1267657 	rs1267657 	T 	C 	T/C 	175 	73 	102 	15 	83215251
rs33910368 	rs33910368 	A 	T 	A/T 	110 	61 	49 	16 	70569215
rs3851 	rs3851 	A 	C 	A/C 	47 	29 	18 	17 	4686414
rs9958735 	rs9958735 	T 	C 	T/C 	189 	93 	96 	18 	56247180
rs238148 	rs238148 	C 	T 	T/T 	64 	0 	64 	20 	47850182
rs1053744 	rs1053744 	A 	G 	A/G 	159 	92 	67 	22 	50885775
