/Volumes/data1.odin/001_exome/diagnosticSamples//EE/Sample_Diag-excap23-13000517401-EE-Kit-Av5.140423_D00132_0070_AC3V6MACXX/060_delivery/Sample_Diag-excap23-13000517401-EE-Kit-Av5.140423_D00132_0070_AC3V6MACXX.snp.raw.snpFingerPrintingTest.vcf									
Sample_Diag-excap23-13000517401-EE-Kit-Av5 									
RS	RS	REF	ALT	Genotype	readDepth	allelic depth REF	allelic depth ALT	CHROM	POS
rs786906 	rs786906 	T 	C 	C/C 	163 	3 	160 	1 	89271574
rs2296292 	rs2296292 	A 	C 	A/C 	70 	39 	31 	1 	183086757
rs1137288 	None 	T 	None 	T/T 	18 	None 	None 	2 	30381505
rs1485175 	rs1485175 	T 	C 	T/C 	183 	103 	80 	3 	7620789
rs3749507 	rs3749507 	A 	G 	A/G 	200 	108 	92 	4 	128565000
rs3108237 	rs3108237 	G 	A 	G/A 	189 	109 	80 	4 	186112111
rs6596422 	rs6596422 	G 	A 	G/A 	142 	81 	61 	5 	137426447
rs1700490 	None 	G 	None 	G/G 	143 	None 	None 	5 	176402401
rs3736782 	rs3736782 	C 	A 	A/A 	103 	0 	103 	6 	26505403
rs257376 	None 	G 	None 	G/G 	200 	None 	None 	7 	106799997
rs2241802 	rs2241802 	A 	G 	G/G 	124 	0 	124 	8 	28384712
rs944510 	rs944510 	C 	T 	C/T 	200 	111 	89 	9 	117853022
rs2901343 	rs2901343 	C 	T 	C/T 	164 	93 	71 	10 	124457906
rs1446464 	rs1446464 	C 	A 	A/A 	156 	0 	156 	11 	8486310
rs1057908 	None 	T 	None 	T/T 	57 	None 	None 	12 	49230035
rs9707144 	rs9707144 	T 	C 	T/C 	102 	53 	49 	13 	25356053
rs3814871 	rs3814871 	G 	A 	G/A 	200 	101 	99 	14 	71444788
rs1267657 	rs1267657 	T 	C 	T/C 	178 	114 	64 	15 	83215251
rs33910368 	rs33910368 	A 	T 	A/T 	81 	48 	33 	16 	70569215
rs3851 	rs3851 	A 	C 	A/C 	39 	22 	17 	17 	4686414
rs9958735 	rs9958735 	T 	C 	T/C 	143 	83 	60 	18 	56247180
rs238148 	rs238148 	C 	T 	C/T 	89 	46 	43 	20 	47850182
rs1053744 	rs1053744 	A 	G 	G/G 	151 	0 	151 	22 	50885775
