/Volumes/data1.odin/001_exome/diagnosticSamples//Iktyose/Sample_Diag-excap19-13000942701-Iktyose-KIT-Av5.140103_7001448_0252_BC3F4UACXX/060_delivery/Sample_Diag-excap19-13000942701-Iktyose-KIT-Av5.140103_7001448_0252_BC3F4UACXX.snp.raw.snpFingerPrintingTest.vcf									
Sample_Diag-excap19-13000942701-Iktyose-KIT-Av5 									
RS	RS	REF	ALT	Genotype	readDepth	allelic depth REF	allelic depth ALT	CHROM	POS
rs786906 	None 	T 	None 	T/T 	200 	None 	None 	1 	89271574
rs2296292 	rs2296292 	A 	C 	A/C 	104 	54 	50 	1 	183086757
rs1137288 	None 	T 	None 	T/T 	18 	None 	None 	2 	30381505
rs1485175 	rs1485175 	T 	C 	T/C 	200 	114 	86 	3 	7620789
rs3749507 	rs3749507 	A 	G 	G/G 	200 	2 	198 	4 	128565000
rs3108237 	rs3108237 	G 	A 	A/A 	200 	1 	199 	4 	186112111
rs6596422 	None 	G 	None 	G/G 	200 	None 	None 	5 	137426447
rs1700490 	rs1700490 	G 	A 	A/A 	172 	0 	172 	5 	176402401
rs3736782 	rs3736782 	C 	A 	C/A 	186 	113 	73 	6 	26505403
rs257376 	rs257376 	G 	A 	A/A 	200 	0 	200 	7 	106799997
rs2241802 	rs2241802 	A 	G 	G/G 	171 	0 	171 	8 	28384712
rs944510 	None 	C 	None 	C/C 	200 	None 	None 	9 	117853022
rs2901343 	rs2901343 	C 	T 	C/T 	200 	112 	88 	10 	124457906
rs1446464 	rs1446464 	C 	A 	C/A 	200 	99 	101 	11 	8486310
rs1057908 	None 	T 	None 	T/T 	61 	None 	None 	12 	49230035
rs9707144 	rs9707144 	T 	C 	C/C 	114 	0 	114 	13 	25356053
rs3814871 	None 	G 	None 	G/G 	200 	None 	None 	14 	71444788
rs1267657 	rs1267657 	T 	C 	T/C 	200 	101 	99 	15 	83215251
rs33910368 	rs33910368 	A 	T 	A/T 	133 	80 	53 	16 	70569215
rs3851 	rs3851 	A 	C 	C/C 	76 	0 	76 	17 	4686414
rs9958735 	rs9958735 	T 	C 	C/C 	191 	0 	191 	18 	56247180
rs238148 	None 	C 	None 	C/C 	130 	None 	None 	20 	47850182
rs1053744 	rs1053744 	A 	G 	G/G 	170 	0 	170 	22 	50885775
