/Volumes/data1.odin/001_exome/diagnosticSamples//EE/Sample_Diag-excap21-13000443401-EE-KIT-Av5.140403_SN586_0191_AC42MNACXX/060_delivery/Sample_Diag-excap21-13000443401-EE-KIT-Av5.140403_SN586_0191_AC42MNACXX.snp.raw.snpFingerPrintingTest.vcf									
Sample_Diag-excap21-13000443401-EE-KIT-Av5 									
RS	RS	REF	ALT	Genotype	readDepth	allelic depth REF	allelic depth ALT	CHROM	POS
rs786906 	rs786906 	T 	C 	T/C 	159 	75 	84 	1 	89271574
rs2296292 	rs2296292 	A 	C 	A/C 	115 	76 	39 	1 	183086757
rs1137288 	None 	T 	None 	T/T 	25 	None 	None 	2 	30381505
rs1485175 	rs1485175 	T 	C 	T/C 	200 	114 	86 	3 	7620789
rs3749507 	rs3749507 	A 	G 	A/G 	200 	107 	93 	4 	128565000
rs3108237 	None 	G 	None 	G/G 	200 	None 	None 	4 	186112111
rs6596422 	rs6596422 	G 	A 	G/A 	169 	86 	82 	5 	137426447
rs1700490 	rs1700490 	G 	A 	A/A 	138 	0 	138 	5 	176402401
rs3736782 	rs3736782 	C 	A 	C/A 	157 	89 	68 	6 	26505403
rs257376 	rs257376 	G 	A 	G/A 	200 	108 	92 	7 	106799997
rs2241802 	rs2241802 	A 	G 	A/G 	150 	68 	82 	8 	28384712
rs944510 	None 	C 	None 	C/C 	200 	None 	None 	9 	117853022
rs2901343 	None 	C 	None 	C/C 	200 	None 	None 	10 	124457906
rs1446464 	rs1446464 	C 	A 	C/A 	160 	78 	82 	11 	8486310
rs1057908 	rs1057908 	T 	G 	T/G 	49 	28 	21 	12 	49230035
rs9707144 	rs9707144 	T 	C 	C/C 	93 	0 	93 	13 	25356053
rs3814871 	None 	G 	None 	G/G 	200 	None 	None 	14 	71444788
rs1267657 	rs1267657 	T 	C 	T/C 	200 	99 	101 	15 	83215251
rs33910368 	rs33910368 	A 	T 	A/T 	109 	59 	48 	16 	70569215
rs3851 	rs3851 	A 	C 	A/C 	55 	32 	23 	17 	4686414
rs9958735 	None 	T 	None 	T/T 	200 	None 	None 	18 	56247180
rs238148 	rs238148 	C 	T 	T/T 	81 	0 	81 	20 	47850182
rs1053744 	rs1053744 	A 	G 	A/G 	195 	112 	83 	22 	50885775
