/Volumes/data1.odin/001_exome/diagnosticSamples//Iktyose/Sample_Diag-excap21-13001079501-Iktyose-KIT-Av5.140403_SN586_0191_AC42MNACXX/060_delivery/Sample_Diag-excap21-13001079501-Iktyose-KIT-Av5.140403_SN586_0191_AC42MNACXX.snp.raw.snpFingerPrintingTest.vcf									
Sample_Diag-excap21-13001079501-Iktyose-KIT-Av5 									
RS	RS	REF	ALT	Genotype	readDepth	allelic depth REF	allelic depth ALT	CHROM	POS
rs786906 	rs786906 	T 	C 	C/C 	145 	0 	145 	1 	89271574
rs2296292 	rs2296292 	A 	C 	C/C 	78 	0 	78 	1 	183086757
rs1137288 	rs1137288 	T 	C 	T/C 	10 	8 	2 	2 	30381505
rs1485175 	rs1485175 	T 	C 	T/C 	190 	103 	86 	3 	7620789
rs3749507 	None 	A 	None 	A/A 	200 	None 	None 	4 	128565000
rs3108237 	rs3108237 	G 	A 	G/A 	200 	113 	87 	4 	186112111
rs6596422 	rs6596422 	G 	A 	G/A 	177 	91 	86 	5 	137426447
rs1700490 	rs1700490 	G 	A 	G/A 	152 	86 	66 	5 	176402401
rs3736782 	rs3736782 	C 	A 	C/A 	139 	73 	66 	6 	26505403
rs257376 	rs257376 	G 	A 	A/A 	200 	1 	199 	7 	106799997
rs2241802 	rs2241802 	A 	G 	G/G 	113 	0 	113 	8 	28384712
rs944510 	rs944510 	C 	T 	C/T 	200 	107 	93 	9 	117853022
rs2901343 	rs2901343 	C 	T 	C/T 	190 	107 	83 	10 	124457906
rs1446464 	rs1446464 	C 	A 	C/A 	164 	90 	74 	11 	8486310
rs1057908 	None 	T 	None 	T/T 	46 	None 	None 	12 	49230035
rs9707144 	None 	T 	None 	T/T 	107 	None 	None 	13 	25356053
rs3814871 	rs3814871 	G 	A 	G/A 	200 	110 	90 	14 	71444788
rs1267657 	rs1267657 	T 	C 	T/C 	200 	100 	100 	15 	83215251
rs33910368 	rs33910368 	A 	T 	T/T 	94 	0 	94 	16 	70569215
rs3851 	rs3851 	A 	C 	A/C 	51 	30 	21 	17 	4686414
rs9958735 	None 	T 	None 	T/T 	170 	None 	None 	18 	56247180
rs238148 	rs238148 	C 	T 	T/T 	80 	0 	79 	20 	47850182
rs1053744 	rs1053744 	A 	G 	A/G 	193 	97 	96 	22 	50885775
