/Volumes/data1.odin/001_exome/diagnosticSamples//EE/Sample_Diag-excap16-13000526402-KIT-AI50Mbv5.130906_SN586_0177_AC2730ACXX/060_delivery/Sample_Diag-excap16-13000526402-KIT-AI50Mbv5.130906_SN586_0177_AC2730ACXX.snp.raw.snpFingerPrintingTest.vcf									
Sample_Diag-excap16-13000526402-KIT-AI50Mbv5 									
RS	RS	REF	ALT	Genotype	readDepth	allelic depth REF	allelic depth ALT	CHROM	POS
rs786906 	rs786906 	T 	C 	T/C 	136 	75 	60 	1 	89271574
rs2296292 	rs2296292 	A 	C 	C/C 	90 	0 	90 	1 	183086757
rs1137288 	rs1137288 	T 	C 	T/C 	36 	13 	23 	2 	30381505
rs1485175 	None 	T 	None 	T/T 	215 	None 	None 	3 	7620789
rs3749507 	None 	A 	None 	A/A 	285 	None 	None 	4 	128565000
rs3108237 	rs3108237 	G 	A 	G/A 	222 	108 	114 	4 	186112111
rs6596422 	rs6596422 	G 	A 	G/A 	181 	105 	76 	5 	137426447
rs1700490 	rs1700490 	G 	A 	G/A 	180 	85 	95 	5 	176402401
rs3736782 	rs3736782 	C 	A 	C/A 	147 	92 	55 	6 	26505403
rs257376 	None 	G 	None 	G/G 	331 	None 	None 	7 	106799997
rs2241802 	rs2241802 	A 	G 	A/G 	135 	75 	60 	8 	28384712
rs944510 	rs944510 	C 	T 	C/T 	302 	149 	153 	9 	117853022
rs2901343 	rs2901343 	C 	T 	C/T 	209 	119 	90 	10 	124457906
rs1446464 	rs1446464 	C 	A 	C/A 	161 	93 	68 	11 	8486310
rs1057908 	rs1057908 	T 	G 	T/G 	46 	20 	26 	12 	49230035
rs9707144 	None 	T 	None 	T/T 	87 	None 	None 	13 	25356053
rs3814871 	None 	G 	None 	G/G 	315 	None 	None 	14 	71444788
rs1267657 	None 	T 	None 	T/T 	218 	None 	None 	15 	83215251
rs33910368 	None 	A 	None 	A/A 	119 	None 	None 	16 	70569215
rs3851 	rs3851 	A 	C 	A/C 	62 	32 	30 	17 	4686414
rs9958735 	rs9958735 	T 	C 	T/C 	163 	82 	81 	18 	56247180
rs238148 	rs238148 	C 	T 	T/T 	102 	0 	101 	20 	47850182
rs1053744 	rs1053744 	A 	G 	A/G 	167 	94 	73 	22 	50885775
