/Volumes/data1.odin/001_exome/diagnosticSamples//EE/Sample_Diag-excap21-14000062700-EE-KIT-Av5.140403_SN586_0191_AC42MNACXX/060_delivery/Sample_Diag-excap21-14000062700-EE-KIT-Av5.140403_SN586_0191_AC42MNACXX.snp.raw.snpFingerPrintingTest.vcf									
Sample_Diag-excap21-14000062700-EE-KIT-Av5 									
RS	RS	REF	ALT	Genotype	readDepth	allelic depth REF	allelic depth ALT	CHROM	POS
rs786906 	rs786906 	T 	C 	T/C 	174 	93 	81 	1 	89271574
rs2296292 	rs2296292 	A 	C 	A/C 	78 	40 	38 	1 	183086757
rs1137288 	rs1137288 	T 	C 	T/C 	25 	10 	15 	2 	30381505
rs1485175 	rs1485175 	T 	C 	T/C 	200 	109 	91 	3 	7620789
rs3749507 	None 	A 	None 	A/A 	200 	None 	None 	4 	128565000
rs3108237 	None 	G 	None 	G/G 	200 	None 	None 	4 	186112111
rs6596422 	rs6596422 	G 	A 	G/A 	181 	92 	89 	5 	137426447
rs1700490 	rs1700490 	G 	A 	G/A 	158 	80 	78 	5 	176402401
rs3736782 	None 	C 	None 	C/C 	145 	None 	None 	6 	26505403
rs257376 	rs257376 	G 	A 	G/A 	200 	111 	89 	7 	106799997
rs2241802 	None 	A 	None 	A/A 	163 	None 	None 	8 	28384712
rs944510 	None 	C 	None 	C/C 	200 	None 	None 	9 	117853022
rs2901343 	rs2901343 	C 	T 	C/T 	178 	98 	80 	10 	124457906
rs1446464 	rs1446464 	C 	A 	C/A 	196 	97 	99 	11 	8486310
rs1057908 	rs1057908 	T 	G 	G/G 	50 	1 	49 	12 	49230035
rs9707144 	rs9707144 	T 	C 	C/C 	73 	0 	73 	13 	25356053
rs3814871 	rs3814871 	G 	A 	A/A 	200 	0 	200 	14 	71444788
rs1267657 	None 	T 	None 	T/T 	200 	None 	None 	15 	83215251
rs33910368 	None 	A 	None 	A/A 	101 	None 	None 	16 	70569215
rs3851 	rs3851 	A 	C 	A/C 	55 	26 	29 	17 	4686414
rs9958735 	None 	T 	None 	T/T 	165 	None 	None 	18 	56247180
rs238148 	rs238148 	C 	T 	T/T 	94 	0 	94 	20 	47850182
rs1053744 	rs1053744 	A 	G 	A/G 	170 	101 	69 	22 	50885775
