/Volumes/data1.odin/001_exome/diagnosticSamples//Project_Diag-excap22-2014-03-24/Sample_Diag-excap22-14000153000-HSPogHA-KIT-Av5.140326_D00132_0068_AC3UPKACXX/060_delivery/Sample_Diag-excap22-14000153000-HSPogHA-KIT-Av5.140326_D00132_0068_AC3UPKACXX.snp.raw.snpFingerPrintingTest.vcf									
Sample_Diag-excap22-14000153000-HSPogHA-KIT-Av5 									
RS	RS	REF	ALT	Genotype	readDepth	allelic depth REF	allelic depth ALT	CHROM	POS
rs786906 	rs786906 	T 	C 	T/C 	184 	96 	88 	1 	89271574
rs2296292 	rs2296292 	A 	C 	C/C 	96 	1 	95 	1 	183086757
rs1137288 	rs1137288 	T 	C 	C/C 	11 	0 	11 	2 	30381505
rs1485175 	rs1485175 	T 	C 	T/C 	200 	97 	103 	3 	7620789
rs3749507 	None 	A 	None 	A/A 	200 	None 	None 	4 	128565000
rs3108237 	rs3108237 	G 	A 	G/A 	200 	103 	97 	4 	186112111
rs6596422 	rs6596422 	G 	A 	A/A 	189 	2 	187 	5 	137426447
rs1700490 	rs1700490 	G 	A 	G/A 	166 	95 	71 	5 	176402401
rs3736782 	rs3736782 	C 	A 	A/A 	128 	0 	128 	6 	26505403
rs257376 	rs257376 	G 	A 	G/A 	200 	108 	92 	7 	106799997
rs2241802 	rs2241802 	A 	G 	A/G 	153 	69 	84 	8 	28384712
rs944510 	rs944510 	C 	T 	C/T 	200 	120 	80 	9 	117853022
rs2901343 	rs2901343 	C 	T 	C/T 	197 	102 	95 	10 	124457906
rs1446464 	None 	C 	None 	C/C 	200 	None 	None 	11 	8486310
rs1057908 	rs1057908 	T 	G 	T/G 	55 	26 	29 	12 	49230035
rs9707144 	rs9707144 	T 	C 	T/C 	81 	44 	37 	13 	25356053
rs3814871 	rs3814871 	G 	A 	A/A 	200 	1 	199 	14 	71444788
rs1267657 	None 	T 	None 	T/T 	200 	None 	None 	15 	83215251
rs33910368 	rs33910368 	A 	T 	A/T 	127 	51 	76 	16 	70569215
rs3851 	None 	A 	None 	A/A 	76 	None 	None 	17 	4686414
rs9958735 	rs9958735 	T 	C 	C/C 	173 	1 	172 	18 	56247180
rs238148 	rs238148 	C 	T 	C/T 	93 	52 	41 	20 	47850182
rs1053744 	rs1053744 	A 	G 	A/G 	183 	108 	75 	22 	50885775
