/Volumes/data1.odin/001_exome/diagnosticSamples//PCD/Sample_Diag-excap18-13000099000-KIT-AI50Mbv5.131127_D00132_0057_BC36K4ACXX/060_delivery/Sample_Diag-excap18-13000099000-KIT-AI50Mbv5.131127_D00132_0057_BC36K4ACXX.snp.raw.snpFingerPrintingTest.vcf									
Sample_Diag-excap18-13000099000-KIT-AI50Mbv5 									
RS	RS	REF	ALT	Genotype	readDepth	allelic depth REF	allelic depth ALT	CHROM	POS
rs786906 	rs786906 	T 	C 	T/C 	164 	75 	89 	1 	89271574
rs2296292 	rs2296292 	A 	C 	A/C 	150 	78 	72 	1 	183086757
rs1137288 	rs1137288 	T 	C 	T/C 	53 	24 	29 	2 	30381505
rs1485175 	rs1485175 	T 	C 	C/C 	203 	2 	201 	3 	7620789
rs3749507 	rs3749507 	A 	G 	A/G 	316 	183 	133 	4 	128565000
rs3108237 	rs3108237 	G 	A 	G/A 	258 	132 	126 	4 	186112111
rs6596422 	None 	G 	None 	None 	None 	None 	None 	5 	137426447
rs1700490 	None 	G 	None 	G/G 	197 	None 	None 	5 	176402401
rs3736782 	None 	C 	None 	C/C 	216 	None 	None 	6 	26505403
rs257376 	None 	G 	None 	None 	None 	None 	None 	7 	106799997
rs2241802 	rs2241802 	A 	G 	A/G 	173 	85 	88 	8 	28384712
rs944510 	None 	C 	None 	C/C 	438 	None 	None 	9 	117853022
rs2901343 	rs2901343 	C 	T 	T/T 	252 	0 	252 	10 	124457906
rs1446464 	rs1446464 	C 	A 	C/A 	163 	94 	69 	11 	8486310
rs1057908 	rs1057908 	T 	G 	T/G 	55 	25 	30 	12 	49230035
rs9707144 	rs9707144 	T 	C 	T/C 	102 	51 	51 	13 	25356053
rs3814871 	None 	G 	None 	G/G 	350 	None 	None 	14 	71444788
rs1267657 	None 	T 	None 	T/T 	244 	None 	None 	15 	83215251
rs33910368 	rs33910368 	A 	T 	T/T 	144 	0 	144 	16 	70569215
rs3851 	rs3851 	A 	C 	A/C 	83 	37 	46 	17 	4686414
rs9958735 	rs9958735 	T 	C 	C/C 	230 	0 	230 	18 	56247180
rs238148 	rs238148 	C 	T 	T/T 	101 	0 	101 	20 	47850182
rs1053744 	rs1053744 	A 	G 	G/G 	165 	0 	165 	22 	50885775
