/Volumes/data1.odin/001_exome/diagnosticSamples//Bindevev/Sample_Diag-excap24-13000856001-Bindevev-Kit-Av5.140423_D00132_0071_BC42D4ACXX/060_delivery/Sample_Diag-excap24-13000856001-Bindevev-Kit-Av5.140423_D00132_0071_BC42D4ACXX.snp.raw.snpFingerPrintingTest.vcf									
Sample_Diag-excap24-13000856001-Bindevev-Kit-Av5 									
RS	RS	REF	ALT	Genotype	readDepth	allelic depth REF	allelic depth ALT	CHROM	POS
rs786906 	rs786906 	T 	C 	T/C 	163 	82 	81 	1 	89271574
rs2296292 	rs2296292 	A 	C 	A/C 	77 	46 	31 	1 	183086757
rs1137288 	rs1137288 	T 	C 	T/C 	20 	11 	9 	2 	30381505
rs1485175 	rs1485175 	T 	C 	C/C 	195 	2 	193 	3 	7620789
rs3749507 	rs3749507 	A 	G 	G/G 	200 	1 	199 	4 	128565000
rs3108237 	rs3108237 	G 	A 	G/A 	200 	104 	95 	4 	186112111
rs6596422 	rs6596422 	G 	A 	G/A 	137 	74 	63 	5 	137426447
rs1700490 	None 	G 	None 	G/G 	148 	None 	None 	5 	176402401
rs3736782 	rs3736782 	C 	A 	C/A 	173 	88 	85 	6 	26505403
rs257376 	rs257376 	G 	A 	G/A 	200 	105 	95 	7 	106799997
rs2241802 	rs2241802 	A 	G 	G/G 	139 	0 	139 	8 	28384712
rs944510 	rs944510 	C 	T 	C/T 	200 	103 	97 	9 	117853022
rs2901343 	rs2901343 	C 	T 	C/T 	162 	76 	86 	10 	124457906
rs1446464 	rs1446464 	C 	A 	C/A 	187 	95 	92 	11 	8486310
rs1057908 	rs1057908 	T 	G 	T/G 	60 	33 	27 	12 	49230035
rs9707144 	rs9707144 	T 	C 	C/C 	74 	0 	74 	13 	25356053
rs3814871 	rs3814871 	G 	A 	G/A 	200 	99 	101 	14 	71444788
rs1267657 	rs1267657 	T 	C 	T/C 	200 	104 	96 	15 	83215251
rs33910368 	None 	A 	None 	A/A 	98 	None 	None 	16 	70569215
rs3851 	None 	A 	None 	A/A 	75 	None 	None 	17 	4686414
rs9958735 	rs9958735 	T 	C 	C/C 	139 	1 	138 	18 	56247180
rs238148 	rs238148 	C 	T 	C/T 	83 	32 	51 	20 	47850182
rs1053744 	rs1053744 	A 	G 	A/G 	156 	91 	65 	22 	50885775
