/Volumes/data1.odin/001_exome/diagnosticSamples//Bindevev/Sample_Diag-excap23-14000304000-Bindevev-Kit-Av5.140423_D00132_0070_AC3V6MACXX/060_delivery/Sample_Diag-excap23-14000304000-Bindevev-Kit-Av5.140423_D00132_0070_AC3V6MACXX.snp.raw.snpFingerPrintingTest.vcf									
Sample_Diag-excap23-14000304000-Bindevev-Kit-Av5 									
RS	RS	REF	ALT	Genotype	readDepth	allelic depth REF	allelic depth ALT	CHROM	POS
rs786906 	None 	T 	None 	T/T 	172 	None 	None 	1 	89271574
rs2296292 	rs2296292 	A 	C 	A/C 	103 	61 	42 	1 	183086757
rs1137288 	None 	T 	None 	T/T 	20 	None 	None 	2 	30381505
rs1485175 	rs1485175 	T 	C 	C/C 	200 	1 	199 	3 	7620789
rs3749507 	rs3749507 	A 	G 	G/G 	200 	0 	199 	4 	128565000
rs3108237 	None 	G 	None 	G/G 	200 	None 	None 	4 	186112111
rs6596422 	rs6596422 	G 	A 	A/A 	172 	0 	172 	5 	137426447
rs1700490 	rs1700490 	G 	A 	G/A 	160 	87 	73 	5 	176402401
rs3736782 	rs3736782 	C 	A 	C/A 	126 	57 	69 	6 	26505403
rs257376 	rs257376 	G 	A 	G/A 	200 	108 	92 	7 	106799997
rs2241802 	rs2241802 	A 	G 	A/G 	135 	54 	81 	8 	28384712
rs944510 	rs944510 	C 	T 	T/T 	200 	1 	199 	9 	117853022
rs2901343 	None 	C 	None 	C/C 	190 	None 	None 	10 	124457906
rs1446464 	rs1446464 	C 	A 	A/A 	181 	0 	181 	11 	8486310
rs1057908 	rs1057908 	T 	G 	T/G 	55 	28 	27 	12 	49230035
rs9707144 	rs9707144 	T 	C 	T/C 	83 	49 	34 	13 	25356053
rs3814871 	None 	G 	None 	G/G 	200 	None 	None 	14 	71444788
rs1267657 	rs1267657 	T 	C 	T/C 	183 	91 	92 	15 	83215251
rs33910368 	rs33910368 	A 	T 	A/T 	87 	51 	36 	16 	70569215
rs3851 	None 	A 	None 	A/A 	67 	None 	None 	17 	4686414
rs9958735 	rs9958735 	T 	C 	C/C 	185 	0 	185 	18 	56247180
rs238148 	rs238148 	C 	T 	C/T 	95 	51 	44 	20 	47850182
rs1053744 	None 	A 	None 	A/A 	200 	None 	None 	22 	50885775
