/Volumes/data1.odin/001_exome/diagnosticSamples//Bindevev/Sample_Diag-excap17-13000766800-KIT-AI50Mbv5.131009_7001448_0223_AC2G2UACXX/060_delivery/Sample_Diag-excap17-13000766800-KIT-AI50Mbv5.131009_7001448_0223_AC2G2UACXX.snp.raw.snpFingerPrintingTest.vcf									
Sample_Diag-excap17-13000766800-KIT-AI50Mbv5 									
RS	RS	REF	ALT	Genotype	readDepth	allelic depth REF	allelic depth ALT	CHROM	POS
rs786906 	rs786906 	T 	C 	C/C 	56 	0 	56 	1 	89271574
rs2296292 	None 	A 	None 	A/A 	100 	None 	None 	1 	183086757
rs1137288 	rs1137288 	T 	C 	T/C 	52 	30 	22 	2 	30381505
rs1485175 	rs1485175 	T 	C 	C/C 	179 	0 	179 	3 	7620789
rs3749507 	rs3749507 	A 	G 	A/G 	170 	96 	74 	4 	128565000
rs3108237 	rs3108237 	G 	A 	G/A 	101 	51 	50 	4 	186112111
rs6596422 	None 	G 	None 	G/G 	154 	None 	None 	5 	137426447
rs1700490 	rs1700490 	G 	A 	G/A 	90 	48 	42 	5 	176402401
rs3736782 	rs3736782 	C 	A 	C/A 	146 	84 	62 	6 	26505403
rs257376 	rs257376 	G 	A 	G/A 	165 	99 	66 	7 	106799997
rs2241802 	rs2241802 	A 	G 	A/G 	99 	55 	44 	8 	28384712
rs944510 	None 	C 	None 	C/C 	326 	None 	None 	9 	117853022
rs2901343 	None 	C 	None 	C/C 	192 	None 	None 	10 	124457906
rs1446464 	None 	C 	None 	C/C 	81 	None 	None 	11 	8486310
rs1057908 	rs1057908 	T 	G 	T/G 	81 	31 	50 	12 	49230035
rs9707144 	rs9707144 	T 	C 	T/C 	38 	15 	23 	13 	25356053
rs3814871 	None 	G 	None 	None 	None 	None 	None 	14 	71444788
rs1267657 	None 	T 	None 	None 	None 	None 	None 	15 	83215251
rs33910368 	None 	A 	None 	A/A 	103 	None 	None 	16 	70569215
rs3851 	None 	A 	None 	A/A 	124 	None 	None 	17 	4686414
rs9958735 	None 	T 	None 	T/T 	211 	None 	None 	18 	56247180
rs238148 	rs238148 	C 	T 	C/T 	134 	63 	71 	20 	47850182
rs1053744 	None 	A 	None 	None 	None 	None 	None 	22 	50885775
