/Volumes/data1.odin/001_exome/diagnosticSamples//EE/Sample_Diag-excap16-13000550100-KIT-AI50Mbv5.130906_SN586_0177_AC2730ACXX/060_delivery/Sample_Diag-excap16-13000550100-KIT-AI50Mbv5.130906_SN586_0177_AC2730ACXX.snp.raw.snpFingerPrintingTest.vcf									
Sample_Diag-excap16-13000550100-KIT-AI50Mbv5 									
RS	RS	REF	ALT	Genotype	readDepth	allelic depth REF	allelic depth ALT	CHROM	POS
rs786906 	rs786906 	T 	C 	T/C 	206 	115 	91 	1 	89271574
rs2296292 	None 	A 	None 	A/A 	110 	None 	None 	1 	183086757
rs1137288 	rs1137288 	T 	C 	T/C 	46 	24 	22 	2 	30381505
rs1485175 	rs1485175 	T 	C 	T/C 	274 	152 	122 	3 	7620789
rs3749507 	None 	A 	None 	None 	None 	None 	None 	4 	128565000
rs3108237 	None 	G 	None 	None 	None 	None 	None 	4 	186112111
rs6596422 	rs6596422 	G 	A 	G/A 	216 	112 	104 	5 	137426447
rs1700490 	rs1700490 	G 	A 	G/A 	157 	84 	73 	5 	176402401
rs3736782 	rs3736782 	C 	A 	C/A 	173 	94 	79 	6 	26505403
rs257376 	None 	G 	None 	G/G 	366 	None 	None 	7 	106799997
rs2241802 	rs2241802 	A 	G 	G/G 	167 	0 	167 	8 	28384712
rs944510 	None 	C 	None 	None 	None 	None 	None 	9 	117853022
rs2901343 	None 	C 	None 	C/C 	231 	None 	None 	10 	124457906
rs1446464 	rs1446464 	C 	A 	C/A 	211 	108 	103 	11 	8486310
rs1057908 	None 	T 	None 	T/T 	56 	None 	None 	12 	49230035
rs9707144 	rs9707144 	T 	C 	T/C 	97 	48 	49 	13 	25356053
rs3814871 	None 	G 	None 	G/G 	387 	None 	None 	14 	71444788
rs1267657 	rs1267657 	T 	C 	T/C 	248 	146 	102 	15 	83215251
rs33910368 	None 	A 	None 	A/A 	129 	None 	None 	16 	70569215
rs3851 	rs3851 	A 	C 	A/C 	77 	44 	33 	17 	4686414
rs9958735 	rs9958735 	T 	C 	T/C 	202 	114 	88 	18 	56247180
rs238148 	rs238148 	C 	T 	T/T 	105 	0 	105 	20 	47850182
rs1053744 	rs1053744 	A 	G 	G/G 	193 	0 	193 	22 	50885775
