/Volumes/data1.odin/001_exome/diagnosticSamples//Bindevev/Sample_Diag-excap17-13000766100-KIT-AI50Mbv5.131009_7001448_0223_AC2G2UACXX/060_delivery/Sample_Diag-excap17-13000766100-KIT-AI50Mbv5.131009_7001448_0223_AC2G2UACXX.snp.raw.snpFingerPrintingTest.vcf									
Sample_Diag-excap17-13000766100-KIT-AI50Mbv5 									
RS	RS	REF	ALT	Genotype	readDepth	allelic depth REF	allelic depth ALT	CHROM	POS
rs786906 	rs786906 	T 	C 	T/C 	116 	68 	48 	1 	89271574
rs2296292 	rs2296292 	A 	C 	C/C 	116 	3 	113 	1 	183086757
rs1137288 	rs1137288 	T 	C 	T/C 	49 	26 	23 	2 	30381505
rs1485175 	rs1485175 	T 	C 	T/C 	279 	139 	140 	3 	7620789
rs3749507 	None 	A 	None 	None 	None 	None 	None 	4 	128565000
rs3108237 	rs3108237 	G 	A 	G/A 	220 	129 	91 	4 	186112111
rs6596422 	rs6596422 	G 	A 	A/A 	226 	0 	226 	5 	137426447
rs1700490 	rs1700490 	G 	A 	A/A 	149 	0 	149 	5 	176402401
rs3736782 	rs3736782 	C 	A 	C/A 	200 	111 	89 	6 	26505403
rs257376 	rs257376 	G 	A 	G/A 	240 	127 	113 	7 	106799997
rs2241802 	rs2241802 	A 	G 	G/G 	174 	0 	174 	8 	28384712
rs944510 	None 	C 	None 	None 	None 	None 	None 	9 	117853022
rs2901343 	rs2901343 	C 	T 	T/T 	226 	0 	226 	10 	124457906
rs1446464 	None 	C 	None 	C/C 	184 	None 	None 	11 	8486310
rs1057908 	rs1057908 	T 	G 	T/G 	63 	30 	33 	12 	49230035
rs9707144 	rs9707144 	T 	C 	T/C 	79 	36 	43 	13 	25356053
rs3814871 	None 	G 	None 	None 	None 	None 	None 	14 	71444788
rs1267657 	None 	T 	None 	None 	None 	None 	None 	15 	83215251
rs33910368 	None 	A 	None 	A/A 	168 	None 	None 	16 	70569215
rs3851 	None 	A 	None 	A/A 	96 	None 	None 	17 	4686414
rs9958735 	None 	T 	None 	None 	None 	None 	None 	18 	56247180
rs238148 	rs238148 	C 	T 	C/T 	121 	66 	55 	20 	47850182
rs1053744 	rs1053744 	A 	G 	A/G 	227 	137 	90 	22 	50885775
