/Volumes/data1.odin/001_exome/diagnosticSamples//Iktyose/Sample_Diag-excap23-14000167601-Iktyose-Kit-Av5.140423_D00132_0071_BC42D4ACXX/060_delivery/Sample_Diag-excap23-14000167601-Iktyose-Kit-Av5.140423_D00132_0071_BC42D4ACXX.snp.raw.snpFingerPrintingTest.vcf									
Sample_Diag-excap23-14000167601-Iktyose-Kit-Av5 									
RS	RS	REF	ALT	Genotype	readDepth	allelic depth REF	allelic depth ALT	CHROM	POS
rs786906 	rs786906 	T 	C 	C/C 	161 	0 	161 	1 	89271574
rs2296292 	rs2296292 	A 	C 	C/C 	78 	0 	78 	1 	183086757
rs1137288 	rs1137288 	T 	C 	C/C 	15 	0 	15 	2 	30381505
rs1485175 	rs1485175 	T 	C 	T/C 	167 	86 	81 	3 	7620789
rs3749507 	rs3749507 	A 	G 	A/G 	200 	109 	91 	4 	128565000
rs3108237 	rs3108237 	G 	A 	G/A 	199 	108 	91 	4 	186112111
rs6596422 	None 	G 	None 	G/G 	143 	None 	None 	5 	137426447
rs1700490 	rs1700490 	G 	A 	G/A 	153 	96 	57 	5 	176402401
rs3736782 	rs3736782 	C 	A 	C/A 	126 	66 	60 	6 	26505403
rs257376 	rs257376 	G 	A 	A/A 	200 	0 	200 	7 	106799997
rs2241802 	rs2241802 	A 	G 	G/G 	127 	0 	127 	8 	28384712
rs944510 	rs944510 	C 	T 	C/T 	200 	109 	91 	9 	117853022
rs2901343 	rs2901343 	C 	T 	C/T 	189 	110 	79 	10 	124457906
rs1446464 	rs1446464 	C 	A 	A/A 	172 	0 	169 	11 	8486310
rs1057908 	rs1057908 	T 	G 	T/G 	42 	18 	24 	12 	49230035
rs9707144 	rs9707144 	T 	C 	T/C 	91 	42 	49 	13 	25356053
rs3814871 	rs3814871 	G 	A 	A/A 	200 	0 	200 	14 	71444788
rs1267657 	rs1267657 	T 	C 	T/C 	167 	87 	80 	15 	83215251
rs33910368 	None 	A 	None 	A/A 	68 	None 	None 	16 	70569215
rs3851 	None 	A 	None 	A/A 	37 	None 	None 	17 	4686414
rs9958735 	None 	T 	None 	T/T 	197 	None 	None 	18 	56247180
rs238148 	rs238148 	C 	T 	T/T 	66 	0 	66 	20 	47850182
rs1053744 	None 	A 	None 	A/A 	147 	None 	None 	22 	50885775
