/Volumes/data1.odin/001_exome/diagnosticSamples//EE/Sample_Diag-excap21-13000646101-EE-KIT-Av5.140403_SN586_0191_AC42MNACXX/060_delivery/Sample_Diag-excap21-13000646101-EE-KIT-Av5.140403_SN586_0191_AC42MNACXX.snp.raw.snpFingerPrintingTest.vcf									
Sample_Diag-excap21-13000646101-EE-KIT-Av5 									
RS	RS	REF	ALT	Genotype	readDepth	allelic depth REF	allelic depth ALT	CHROM	POS
rs786906 	rs786906 	T 	C 	T/C 	182 	101 	81 	1 	89271574
rs2296292 	None 	A 	None 	A/A 	78 	None 	None 	1 	183086757
rs1137288 	rs1137288 	T 	C 	T/C 	15 	9 	6 	2 	30381505
rs1485175 	rs1485175 	T 	C 	C/C 	167 	0 	167 	3 	7620789
rs3749507 	None 	A 	None 	A/A 	200 	None 	None 	4 	128565000
rs3108237 	None 	G 	None 	G/G 	200 	None 	None 	4 	186112111
rs6596422 	rs6596422 	G 	A 	A/A 	139 	0 	139 	5 	137426447
rs1700490 	rs1700490 	G 	A 	A/A 	135 	0 	135 	5 	176402401
rs3736782 	rs3736782 	C 	A 	C/A 	115 	61 	54 	6 	26505403
rs257376 	None 	G 	None 	G/G 	200 	None 	None 	7 	106799997
rs2241802 	None 	A 	None 	A/A 	137 	None 	None 	8 	28384712
rs944510 	rs944510 	C 	T 	C/T 	200 	107 	93 	9 	117853022
rs2901343 	rs2901343 	C 	T 	C/T 	141 	82 	59 	10 	124457906
rs1446464 	None 	C 	None 	C/C 	175 	None 	None 	11 	8486310
rs1057908 	rs1057908 	T 	G 	T/G 	30 	18 	12 	12 	49230035
rs9707144 	None 	T 	None 	T/T 	99 	None 	None 	13 	25356053
rs3814871 	None 	G 	None 	G/G 	200 	None 	None 	14 	71444788
rs1267657 	rs1267657 	T 	C 	T/C 	200 	111 	89 	15 	83215251
rs33910368 	rs33910368 	A 	T 	A/T 	83 	52 	31 	16 	70569215
rs3851 	None 	A 	None 	A/A 	45 	None 	None 	17 	4686414
rs9958735 	rs9958735 	T 	C 	C/C 	161 	1 	160 	18 	56247180
rs238148 	rs238148 	C 	T 	T/T 	61 	0 	61 	20 	47850182
rs1053744 	rs1053744 	A 	G 	A/G 	158 	79 	79 	22 	50885775
