/Volumes/data1.odin/001_exome/diagnosticSamples//Bindevev/Sample_Diag-excap23-13000453302-Bindevev-Kit-Av5.140423_D00132_0071_BC42D4ACXX/060_delivery/Sample_Diag-excap23-13000453302-Bindevev-Kit-Av5.140423_D00132_0071_BC42D4ACXX.snp.raw.snpFingerPrintingTest.vcf									
Sample_Diag-excap23-13000453302-Bindevev-Kit-Av5 									
RS	RS	REF	ALT	Genotype	readDepth	allelic depth REF	allelic depth ALT	CHROM	POS
rs786906 	rs786906 	T 	C 	C/C 	200 	0 	200 	1 	89271574
rs2296292 	rs2296292 	A 	C 	C/C 	112 	0 	112 	1 	183086757
rs1137288 	rs1137288 	T 	C 	T/C 	27 	12 	15 	2 	30381505
rs1485175 	rs1485175 	T 	C 	T/C 	200 	106 	94 	3 	7620789
rs3749507 	None 	A 	None 	A/A 	200 	None 	None 	4 	128565000
rs3108237 	None 	G 	None 	G/G 	200 	None 	None 	4 	186112111
rs6596422 	rs6596422 	G 	A 	G/A 	200 	105 	95 	5 	137426447
rs1700490 	rs1700490 	G 	A 	A/A 	177 	1 	176 	5 	176402401
rs3736782 	rs3736782 	C 	A 	A/A 	158 	0 	158 	6 	26505403
rs257376 	rs257376 	G 	A 	A/A 	200 	0 	200 	7 	106799997
rs2241802 	rs2241802 	A 	G 	G/G 	176 	1 	175 	8 	28384712
rs944510 	rs944510 	C 	T 	C/T 	200 	107 	93 	9 	117853022
rs2901343 	None 	C 	None 	C/C 	200 	None 	None 	10 	124457906
rs1446464 	rs1446464 	C 	A 	A/A 	187 	0 	187 	11 	8486310
rs1057908 	rs1057908 	T 	G 	T/G 	68 	34 	34 	12 	49230035
rs9707144 	rs9707144 	T 	C 	T/C 	98 	58 	40 	13 	25356053
rs3814871 	rs3814871 	G 	A 	A/A 	200 	0 	200 	14 	71444788
rs1267657 	rs1267657 	T 	C 	T/C 	200 	116 	84 	15 	83215251
rs33910368 	None 	A 	None 	A/A 	143 	None 	None 	16 	70569215
rs3851 	rs3851 	A 	C 	A/C 	94 	44 	50 	17 	4686414
rs9958735 	rs9958735 	T 	C 	C/C 	200 	0 	200 	18 	56247180
rs238148 	rs238148 	C 	T 	T/T 	114 	0 	114 	20 	47850182
rs1053744 	rs1053744 	A 	G 	G/G 	200 	0 	200 	22 	50885775
