/Volumes/data1.odin/001_exome/diagnosticSamples//PCD/Sample_Diag-excap19-13000926800-PCD-KIT-Av5.140103_7001448_0252_BC3F4UACXX/060_delivery/Sample_Diag-excap19-13000926800-PCD-KIT-Av5.140103_7001448_0252_BC3F4UACXX.snp.raw.snpFingerPrintingTest.vcf									
Sample_Diag-excap19-13000926800-PCD-KIT-Av5 									
RS	RS	REF	ALT	Genotype	readDepth	allelic depth REF	allelic depth ALT	CHROM	POS
rs786906 	rs786906 	T 	C 	C/C 	200 	0 	199 	1 	89271574
rs2296292 	rs2296292 	A 	C 	C/C 	87 	0 	87 	1 	183086757
rs1137288 	None 	T 	None 	T/T 	29 	None 	None 	2 	30381505
rs1485175 	rs1485175 	T 	C 	C/C 	200 	0 	200 	3 	7620789
rs3749507 	rs3749507 	A 	G 	G/G 	200 	0 	200 	4 	128565000
rs3108237 	rs3108237 	G 	A 	G/A 	200 	108 	92 	4 	186112111
rs6596422 	rs6596422 	G 	A 	G/A 	200 	102 	98 	5 	137426447
rs1700490 	None 	G 	None 	G/G 	185 	None 	None 	5 	176402401
rs3736782 	rs3736782 	C 	A 	A/A 	164 	0 	164 	6 	26505403
rs257376 	None 	G 	None 	G/G 	200 	None 	None 	7 	106799997
rs2241802 	rs2241802 	A 	G 	G/G 	171 	1 	170 	8 	28384712
rs944510 	rs944510 	C 	T 	T/T 	200 	0 	199 	9 	117853022
rs2901343 	rs2901343 	C 	T 	C/T 	200 	113 	87 	10 	124457906
rs1446464 	rs1446464 	C 	A 	C/A 	200 	107 	93 	11 	8486310
rs1057908 	None 	T 	None 	T/T 	75 	None 	None 	12 	49230035
rs9707144 	rs9707144 	T 	C 	T/C 	98 	48 	49 	13 	25356053
rs3814871 	None 	G 	None 	G/G 	200 	None 	None 	14 	71444788
rs1267657 	rs1267657 	T 	C 	T/C 	200 	115 	85 	15 	83215251
rs33910368 	rs33910368 	A 	T 	T/T 	164 	0 	164 	16 	70569215
rs3851 	rs3851 	A 	C 	C/C 	61 	0 	61 	17 	4686414
rs9958735 	None 	T 	None 	T/T 	200 	None 	None 	18 	56247180
rs238148 	rs238148 	C 	T 	C/T 	108 	44 	64 	20 	47850182
rs1053744 	rs1053744 	A 	G 	G/G 	179 	0 	179 	22 	50885775
