/Volumes/data1.odin/001_exome/diagnosticSamples//Ciliopati/Sample_Diag-excap19-13001025800-Ciliopati-KIT-Av5.140103_7001448_0252_BC3F4UACXX/060_delivery/Sample_Diag-excap19-13001025800-Ciliopati-KIT-Av5.140103_7001448_0252_BC3F4UACXX.snp.raw.snpFingerPrintingTest.vcf									
Sample_Diag-excap19-13001025800-Ciliopati-KIT-Av5 									
RS	RS	REF	ALT	Genotype	readDepth	allelic depth REF	allelic depth ALT	CHROM	POS
rs786906 	rs786906 	T 	C 	T/C 	200 	92 	107 	1 	89271574
rs2296292 	rs2296292 	A 	C 	C/C 	87 	2 	85 	1 	183086757
rs1137288 	rs1137288 	T 	C 	T/C 	21 	11 	10 	2 	30381505
rs1485175 	None 	T 	None 	T/T 	200 	None 	None 	3 	7620789
rs3749507 	rs3749507 	A 	G 	A/G 	200 	118 	82 	4 	128565000
rs3108237 	rs3108237 	G 	A 	G/A 	200 	99 	101 	4 	186112111
rs6596422 	rs6596422 	G 	A 	G/A 	200 	98 	102 	5 	137426447
rs1700490 	rs1700490 	G 	A 	A/A 	156 	0 	156 	5 	176402401
rs3736782 	rs3736782 	C 	A 	A/A 	172 	0 	172 	6 	26505403
rs257376 	rs257376 	G 	A 	G/A 	200 	99 	100 	7 	106799997
rs2241802 	rs2241802 	A 	G 	A/G 	178 	96 	82 	8 	28384712
rs944510 	rs944510 	C 	T 	C/T 	200 	111 	89 	9 	117853022
rs2901343 	None 	C 	None 	C/C 	200 	None 	None 	10 	124457906
rs1446464 	rs1446464 	C 	A 	C/A 	200 	107 	93 	11 	8486310
rs1057908 	rs1057908 	T 	G 	T/G 	51 	32 	19 	12 	49230035
rs9707144 	rs9707144 	T 	C 	T/C 	142 	73 	69 	13 	25356053
rs3814871 	None 	G 	None 	G/G 	200 	None 	None 	14 	71444788
rs1267657 	rs1267657 	T 	C 	T/C 	200 	106 	93 	15 	83215251
rs33910368 	rs33910368 	A 	T 	T/T 	151 	0 	151 	16 	70569215
rs3851 	rs3851 	A 	C 	A/C 	58 	33 	25 	17 	4686414
rs9958735 	rs9958735 	T 	C 	C/C 	200 	2 	198 	18 	56247180
rs238148 	None 	C 	None 	C/C 	105 	None 	None 	20 	47850182
rs1053744 	rs1053744 	A 	G 	A/G 	200 	101 	99 	22 	50885775
