/Volumes/data1.odin/001_exome/diagnosticSamples//EE/Sample_Diag-excap20-13001130200-EE-KIT-Av5.140305_D00132_0066_AC3U4PACXX/060_delivery/Sample_Diag-excap20-13001130200-EE-KIT-Av5.140305_D00132_0066_AC3U4PACXX.snp.raw.snpFingerPrintingTest.vcf									
Sample_Diag-excap20-13001130200-EE-KIT-Av5 									
RS	RS	REF	ALT	Genotype	readDepth	allelic depth REF	allelic depth ALT	CHROM	POS
rs786906 	rs786906 	T 	C 	C/C 	163 	0 	163 	1 	89271574
rs2296292 	None 	A 	None 	A/A 	103 	None 	None 	1 	183086757
rs1137288 	rs1137288 	T 	C 	C/C 	15 	0 	15 	2 	30381505
rs1485175 	rs1485175 	T 	C 	T/C 	200 	104 	96 	3 	7620789
rs3749507 	rs3749507 	A 	G 	A/G 	200 	111 	89 	4 	128565000
rs3108237 	rs3108237 	G 	A 	G/A 	200 	108 	92 	4 	186112111
rs6596422 	rs6596422 	G 	A 	G/A 	199 	107 	92 	5 	137426447
rs1700490 	rs1700490 	G 	A 	A/A 	160 	2 	158 	5 	176402401
rs3736782 	rs3736782 	C 	A 	A/A 	128 	1 	127 	6 	26505403
rs257376 	rs257376 	G 	A 	G/A 	200 	111 	89 	7 	106799997
rs2241802 	None 	A 	None 	A/A 	166 	None 	None 	8 	28384712
rs944510 	rs944510 	C 	T 	C/T 	200 	102 	98 	9 	117853022
rs2901343 	rs2901343 	C 	T 	C/T 	180 	96 	83 	10 	124457906
rs1446464 	None 	C 	None 	C/C 	189 	None 	None 	11 	8486310
rs1057908 	rs1057908 	T 	G 	T/G 	53 	29 	24 	12 	49230035
rs9707144 	rs9707144 	T 	C 	T/C 	96 	43 	53 	13 	25356053
rs3814871 	rs3814871 	G 	A 	A/A 	200 	0 	200 	14 	71444788
rs1267657 	rs1267657 	T 	C 	C/C 	200 	1 	199 	15 	83215251
rs33910368 	rs33910368 	A 	T 	T/T 	84 	0 	84 	16 	70569215
rs3851 	rs3851 	A 	C 	A/C 	61 	33 	28 	17 	4686414
rs9958735 	rs9958735 	T 	C 	C/C 	189 	0 	189 	18 	56247180
rs238148 	rs238148 	C 	T 	C/T 	78 	38 	40 	20 	47850182
rs1053744 	None 	A 	None 	A/A 	179 	None 	None 	22 	50885775
