/Volumes/data1.odin/001_exome/diagnosticSamples//EE/Sample_Diag-excap24-13000631601-EE-Kit-Av5.140423_D00132_0071_BC42D4ACXX/060_delivery/Sample_Diag-excap24-13000631601-EE-Kit-Av5.140423_D00132_0071_BC42D4ACXX.snp.raw.snpFingerPrintingTest.vcf									
Sample_Diag-excap24-13000631601-EE-Kit-Av5 									
RS	RS	REF	ALT	Genotype	readDepth	allelic depth REF	allelic depth ALT	CHROM	POS
rs786906 	None 	T 	None 	T/T 	163 	None 	None 	1 	89271574
rs2296292 	rs2296292 	A 	C 	A/C 	81 	43 	38 	1 	183086757
rs1137288 	rs1137288 	T 	C 	T/C 	11 	7 	4 	2 	30381505
rs1485175 	rs1485175 	T 	C 	C/C 	160 	2 	158 	3 	7620789
rs3749507 	rs3749507 	A 	G 	G/G 	200 	0 	200 	4 	128565000
rs3108237 	rs3108237 	G 	A 	A/A 	190 	0 	190 	4 	186112111
rs6596422 	rs6596422 	G 	A 	G/A 	151 	74 	77 	5 	137426447
rs1700490 	rs1700490 	G 	A 	A/A 	122 	1 	121 	5 	176402401
rs3736782 	rs3736782 	C 	A 	C/A 	120 	68 	52 	6 	26505403
rs257376 	rs257376 	G 	A 	A/A 	200 	2 	198 	7 	106799997
rs2241802 	rs2241802 	A 	G 	A/G 	144 	77 	67 	8 	28384712
rs944510 	rs944510 	C 	T 	C/T 	200 	107 	93 	9 	117853022
rs2901343 	rs2901343 	C 	T 	C/T 	149 	72 	77 	10 	124457906
rs1446464 	rs1446464 	C 	A 	C/A 	180 	89 	90 	11 	8486310
rs1057908 	rs1057908 	T 	G 	T/G 	48 	25 	23 	12 	49230035
rs9707144 	None 	T 	None 	T/T 	95 	None 	None 	13 	25356053
rs3814871 	rs3814871 	G 	A 	G/A 	200 	123 	77 	14 	71444788
rs1267657 	None 	T 	None 	T/T 	168 	None 	None 	15 	83215251
rs33910368 	None 	A 	None 	A/A 	95 	None 	None 	16 	70569215
rs3851 	rs3851 	A 	C 	A/C 	37 	22 	15 	17 	4686414
rs9958735 	rs9958735 	T 	C 	T/C 	160 	92 	68 	18 	56247180
rs238148 	rs238148 	C 	T 	C/T 	74 	28 	46 	20 	47850182
rs1053744 	rs1053744 	A 	G 	A/G 	147 	80 	67 	22 	50885775
