/Volumes/data1.odin/001_exome/diagnosticSamples//Bindevev/Sample_Diag-excap23-14000310000-Bindevev-Kit-Av5.140423_D00132_0071_BC42D4ACXX/060_delivery/Sample_Diag-excap23-14000310000-Bindevev-Kit-Av5.140423_D00132_0071_BC42D4ACXX.snp.raw.snpFingerPrintingTest.vcf									
Sample_Diag-excap23-14000310000-Bindevev-Kit-Av5 									
RS	RS	REF	ALT	Genotype	readDepth	allelic depth REF	allelic depth ALT	CHROM	POS
rs786906 	None 	T 	None 	T/T 	184 	None 	None 	1 	89271574
rs2296292 	rs2296292 	A 	C 	C/C 	87 	0 	87 	1 	183086757
rs1137288 	None 	T 	None 	T/T 	12 	None 	None 	2 	30381505
rs1485175 	rs1485175 	T 	C 	T/C 	200 	104 	96 	3 	7620789
rs3749507 	rs3749507 	A 	G 	A/G 	200 	99 	101 	4 	128565000
rs3108237 	rs3108237 	G 	A 	G/A 	200 	112 	88 	4 	186112111
rs6596422 	rs6596422 	G 	A 	G/A 	200 	112 	88 	5 	137426447
rs1700490 	None 	G 	None 	G/G 	200 	None 	None 	5 	176402401
rs3736782 	rs3736782 	C 	A 	A/A 	169 	0 	169 	6 	26505403
rs257376 	None 	G 	None 	G/G 	200 	None 	None 	7 	106799997
rs2241802 	rs2241802 	A 	G 	G/G 	167 	1 	166 	8 	28384712
rs944510 	None 	C 	None 	C/C 	200 	None 	None 	9 	117853022
rs2901343 	rs2901343 	C 	T 	C/T 	200 	110 	90 	10 	124457906
rs1446464 	None 	C 	None 	C/C 	200 	None 	None 	11 	8486310
rs1057908 	rs1057908 	T 	G 	T/G 	68 	36 	32 	12 	49230035
rs9707144 	rs9707144 	T 	C 	T/C 	99 	53 	46 	13 	25356053
rs3814871 	rs3814871 	G 	A 	G/A 	200 	103 	97 	14 	71444788
rs1267657 	rs1267657 	T 	C 	C/C 	200 	0 	200 	15 	83215251
rs33910368 	rs33910368 	A 	T 	A/T 	99 	54 	45 	16 	70569215
rs3851 	None 	A 	None 	A/A 	59 	None 	None 	17 	4686414
rs9958735 	rs9958735 	T 	C 	C/C 	187 	0 	187 	18 	56247180
rs238148 	rs238148 	C 	T 	C/T 	110 	58 	52 	20 	47850182
rs1053744 	rs1053744 	A 	G 	G/G 	181 	1 	179 	22 	50885775
