/Volumes/data1.odin/001_exome/diagnosticSamples//HSPogHA/Sample_Diag-excap24-14000158800-HSPogHA-Kit-Av5.140423_D00132_0071_BC42D4ACXX/060_delivery/Sample_Diag-excap24-14000158800-HSPogHA-Kit-Av5.140423_D00132_0071_BC42D4ACXX.snp.raw.snpFingerPrintingTest.vcf									
Sample_Diag-excap24-14000158800-HSPogHA-Kit-Av5 									
RS	RS	REF	ALT	Genotype	readDepth	allelic depth REF	allelic depth ALT	CHROM	POS
rs786906 	None 	T 	None 	T/T 	171 	None 	None 	1 	89271574
rs2296292 	rs2296292 	A 	C 	A/C 	99 	46 	53 	1 	183086757
rs1137288 	rs1137288 	T 	C 	C/C 	8 	0 	8 	2 	30381505
rs1485175 	rs1485175 	T 	C 	C/C 	187 	1 	186 	3 	7620789
rs3749507 	rs3749507 	A 	G 	G/G 	200 	2 	198 	4 	128565000
rs3108237 	rs3108237 	G 	A 	G/A 	200 	115 	85 	4 	186112111
rs6596422 	rs6596422 	G 	A 	G/A 	158 	80 	78 	5 	137426447
rs1700490 	None 	G 	None 	G/G 	163 	None 	None 	5 	176402401
rs3736782 	rs3736782 	C 	A 	C/A 	122 	70 	52 	6 	26505403
rs257376 	None 	G 	None 	G/G 	200 	None 	None 	7 	106799997
rs2241802 	rs2241802 	A 	G 	A/G 	134 	79 	55 	8 	28384712
rs944510 	None 	C 	None 	C/C 	200 	None 	None 	9 	117853022
rs2901343 	rs2901343 	C 	T 	C/T 	169 	81 	88 	10 	124457906
rs1446464 	None 	C 	None 	C/C 	177 	None 	None 	11 	8486310
rs1057908 	None 	T 	None 	T/T 	42 	None 	None 	12 	49230035
rs9707144 	None 	T 	None 	T/T 	84 	None 	None 	13 	25356053
rs3814871 	None 	G 	None 	G/G 	200 	None 	None 	14 	71444788
rs1267657 	rs1267657 	T 	C 	T/C 	199 	109 	90 	15 	83215251
rs33910368 	rs33910368 	A 	T 	A/T 	102 	60 	42 	16 	70569215
rs3851 	rs3851 	A 	C 	C/C 	57 	0 	57 	17 	4686414
rs9958735 	None 	T 	None 	T/T 	200 	None 	None 	18 	56247180
rs238148 	rs238148 	C 	T 	T/T 	79 	0 	79 	20 	47850182
rs1053744 	None 	A 	None 	A/A 	184 	None 	None 	22 	50885775
