/Volumes/data1.odin/001_exome/diagnosticSamples//Bindevev/Sample_Diag-excap18-13000427703-KIT-AI50Mbv5.131127_D00132_0057_BC36K4ACXX/060_delivery/Sample_Diag-excap18-13000427703-KIT-AI50Mbv5.131127_D00132_0057_BC36K4ACXX.snp.raw.snpFingerPrintingTest.vcf									
Sample_Diag-excap18-13000427703-KIT-AI50Mbv5 									
RS	RS	REF	ALT	Genotype	readDepth	allelic depth REF	allelic depth ALT	CHROM	POS
rs786906 	rs786906 	T 	C 	T/C 	130 	63 	67 	1 	89271574
rs2296292 	rs2296292 	A 	C 	A/C 	135 	66 	69 	1 	183086757
rs1137288 	rs1137288 	T 	C 	T/C 	53 	28 	25 	2 	30381505
rs1485175 	rs1485175 	T 	C 	C/C 	317 	0 	317 	3 	7620789
rs3749507 	None 	A 	None 	None 	None 	None 	None 	4 	128565000
rs3108237 	rs3108237 	G 	A 	A/A 	225 	3 	222 	4 	186112111
rs6596422 	rs6596422 	G 	A 	A/A 	248 	0 	248 	5 	137426447
rs1700490 	None 	G 	None 	G/G 	174 	None 	None 	5 	176402401
rs3736782 	None 	C 	None 	C/C 	256 	None 	None 	6 	26505403
rs257376 	rs257376 	G 	A 	G/A 	274 	150 	124 	7 	106799997
rs2241802 	rs2241802 	A 	G 	A/G 	172 	87 	85 	8 	28384712
rs944510 	None 	C 	None 	None 	None 	None 	None 	9 	117853022
rs2901343 	rs2901343 	C 	T 	C/T 	222 	117 	105 	10 	124457906
rs1446464 	rs1446464 	C 	A 	C/A 	192 	94 	98 	11 	8486310
rs1057908 	None 	T 	None 	T/T 	74 	None 	None 	12 	49230035
rs9707144 	None 	T 	None 	T/T 	53 	None 	None 	13 	25356053
rs3814871 	None 	G 	None 	None 	None 	None 	None 	14 	71444788
rs1267657 	rs1267657 	T 	C 	T/C 	253 	129 	124 	15 	83215251
rs33910368 	rs33910368 	A 	T 	T/T 	175 	1 	174 	16 	70569215
rs3851 	None 	A 	None 	A/A 	111 	None 	None 	17 	4686414
rs9958735 	None 	T 	None 	None 	None 	None 	None 	18 	56247180
rs238148 	rs238148 	C 	T 	T/T 	114 	0 	114 	20 	47850182
rs1053744 	rs1053744 	A 	G 	A/G 	224 	130 	94 	22 	50885775
