/Volumes/data1.odin/001_exome/diagnosticSamples//Bindevev/Sample_Diag-excap17-13000109502-KIT-AI50Mbv5.131009_7001448_0224_BC2G61ACXX/060_delivery/Sample_Diag-excap17-13000109501-KIT-AI50Mbv5.131009_7001448_0224_BC2G61ACXX.snp.raw.snpFingerPrintingTest.vcf									
Sample_Diag-excap17-13000109502-KIT-AI50Mbv5 									
RS	RS	REF	ALT	Genotype	readDepth	allelic depth REF	allelic depth ALT	CHROM	POS
rs786906 	None 	T 	None 	T/T 	133 	None 	None 	1 	89271574
rs2296292 	rs2296292 	A 	C 	C/C 	90 	0 	90 	1 	183086757
rs1137288 	rs1137288 	T 	C 	T/C 	46 	21 	25 	2 	30381505
rs1485175 	None 	T 	None 	None 	None 	None 	None 	3 	7620789
rs3749507 	None 	A 	None 	None 	None 	None 	None 	4 	128565000
rs3108237 	rs3108237 	G 	A 	G/A 	214 	108 	106 	4 	186112111
rs6596422 	rs6596422 	G 	A 	A/A 	205 	0 	205 	5 	137426447
rs1700490 	rs1700490 	G 	A 	A/A 	168 	0 	168 	5 	176402401
rs3736782 	rs3736782 	C 	A 	C/A 	182 	91 	91 	6 	26505403
rs257376 	None 	G 	None 	None 	None 	None 	None 	7 	106799997
rs2241802 	rs2241802 	A 	G 	A/G 	206 	104 	102 	8 	28384712
rs944510 	rs944510 	C 	T 	C/T 	389 	205 	184 	9 	117853022
rs2901343 	rs2901343 	C 	T 	C/T 	209 	104 	105 	10 	124457906
rs1446464 	None 	C 	None 	C/C 	201 	None 	None 	11 	8486310
rs1057908 	rs1057908 	T 	G 	T/G 	58 	31 	27 	12 	49230035
rs9707144 	None 	T 	None 	T/T 	59 	None 	None 	13 	25356053
rs3814871 	None 	G 	None 	None 	None 	None 	None 	14 	71444788
rs1267657 	None 	T 	None 	None 	None 	None 	None 	15 	83215251
rs33910368 	None 	A 	None 	A/A 	162 	None 	None 	16 	70569215
rs3851 	None 	A 	None 	A/A 	89 	None 	None 	17 	4686414
rs9958735 	rs9958735 	T 	C 	C/C 	209 	0 	209 	18 	56247180
rs238148 	rs238148 	C 	T 	C/T 	120 	67 	53 	20 	47850182
rs1053744 	None 	A 	None 	A/A 	226 	None 	None 	22 	50885775
