/Volumes/data1.odin/001_exome/diagnosticSamples//EE/Sample_Diag-excap16-D09-3034-KIT-AI50Mbv5.130906_SN586_0177_AC2730ACXX/060_delivery/Sample_Diag-excap16-D09-3034-KIT-AI50Mbv5.130906_SN586_0177_AC2730ACXX.snp.raw.snpFingerPrintingTest.vcf									
Sample_Diag-excap16-D09-3034-KIT-AI50Mbv5 									
RS	RS	REF	ALT	Genotype	readDepth	allelic depth REF	allelic depth ALT	CHROM	POS
rs786906 	rs786906 	T 	C 	T/C 	117 	55 	61 	1 	89271574
rs2296292 	None 	A 	None 	A/A 	100 	None 	None 	1 	183086757
rs1137288 	None 	T 	None 	T/T 	55 	None 	None 	2 	30381505
rs1485175 	None 	T 	None 	T/T 	258 	None 	None 	3 	7620789
rs3749507 	None 	A 	None 	None 	None 	None 	None 	4 	128565000
rs3108237 	rs3108237 	G 	A 	G/A 	206 	114 	92 	4 	186112111
rs6596422 	rs6596422 	G 	A 	A/A 	208 	0 	208 	5 	137426447
rs1700490 	rs1700490 	G 	A 	G/A 	173 	92 	81 	5 	176402401
rs3736782 	None 	C 	None 	C/C 	201 	None 	None 	6 	26505403
rs257376 	rs257376 	G 	A 	G/A 	291 	159 	132 	7 	106799997
rs2241802 	None 	A 	None 	A/A 	173 	None 	None 	8 	28384712
rs944510 	rs944510 	C 	T 	T/T 	347 	0 	347 	9 	117853022
rs2901343 	rs2901343 	C 	T 	C/T 	203 	108 	95 	10 	124457906
rs1446464 	None 	C 	None 	C/C 	194 	None 	None 	11 	8486310
rs1057908 	rs1057908 	T 	G 	T/G 	40 	20 	20 	12 	49230035
rs9707144 	rs9707144 	T 	C 	C/C 	65 	0 	65 	13 	25356053
rs3814871 	None 	G 	None 	G/G 	320 	None 	None 	14 	71444788
rs1267657 	None 	T 	None 	T/T 	236 	None 	None 	15 	83215251
rs33910368 	None 	A 	None 	A/A 	134 	None 	None 	16 	70569215
rs3851 	None 	A 	None 	A/A 	76 	None 	None 	17 	4686414
rs9958735 	None 	T 	None 	T/T 	214 	None 	None 	18 	56247180
rs238148 	rs238148 	C 	T 	T/T 	103 	0 	103 	20 	47850182
rs1053744 	rs1053744 	A 	G 	A/G 	202 	107 	95 	22 	50885775
