/Volumes/data1.odin/001_exome/diagnosticSamples//Bindevev/Sample_Diag-excap24-13000946701-Bindevev-Kit-Av5.140423_D00132_0071_BC42D4ACXX/060_delivery/Sample_Diag-excap24-13000946701-Bindevev-Kit-Av5.140423_D00132_0071_BC42D4ACXX.snp.raw.snpFingerPrintingTest.vcf									
Sample_Diag-excap24-13000946701-Bindevev-Kit-Av5 									
RS	RS	REF	ALT	Genotype	readDepth	allelic depth REF	allelic depth ALT	CHROM	POS
rs786906 	rs786906 	T 	C 	T/C 	200 	100 	100 	1 	89271574
rs2296292 	rs2296292 	A 	C 	A/C 	87 	50 	37 	1 	183086757
rs1137288 	rs1137288 	T 	C 	T/C 	18 	8 	10 	2 	30381505
rs1485175 	rs1485175 	T 	C 	C/C 	200 	0 	200 	3 	7620789
rs3749507 	rs3749507 	A 	G 	A/G 	200 	110 	90 	4 	128565000
rs3108237 	None 	G 	None 	G/G 	200 	None 	None 	4 	186112111
rs6596422 	rs6596422 	G 	A 	A/A 	166 	2 	163 	5 	137426447
rs1700490 	rs1700490 	G 	A 	G/A 	176 	94 	82 	5 	176402401
rs3736782 	rs3736782 	C 	A 	C/A 	166 	93 	73 	6 	26505403
rs257376 	None 	G 	None 	G/G 	200 	None 	None 	7 	106799997
rs2241802 	rs2241802 	A 	G 	G/G 	187 	0 	186 	8 	28384712
rs944510 	None 	C 	None 	C/C 	200 	None 	None 	9 	117853022
rs2901343 	rs2901343 	C 	T 	C/T 	200 	111 	89 	10 	124457906
rs1446464 	None 	C 	None 	C/C 	200 	None 	None 	11 	8486310
rs1057908 	rs1057908 	T 	G 	T/G 	48 	27 	21 	12 	49230035
rs9707144 	rs9707144 	T 	C 	C/C 	164 	1 	163 	13 	25356053
rs3814871 	rs3814871 	G 	A 	G/A 	200 	98 	102 	14 	71444788
rs1267657 	rs1267657 	T 	C 	T/C 	200 	98 	102 	15 	83215251
rs33910368 	None 	A 	None 	A/A 	137 	None 	None 	16 	70569215
rs3851 	rs3851 	A 	C 	A/C 	70 	40 	30 	17 	4686414
rs9958735 	rs9958735 	T 	C 	T/C 	200 	103 	97 	18 	56247180
rs238148 	rs238148 	C 	T 	T/T 	114 	0 	114 	20 	47850182
rs1053744 	None 	A 	None 	A/A 	173 	None 	None 	22 	50885775
