/Volumes/data1.odin/001_exome/diagnosticSamples//EE/Sample_Diag-excap21-13001142901-EE-KIT-Av5.140403_SN586_0191_AC42MNACXX/060_delivery/Sample_Diag-excap21-13001142901-EE-KIT-Av5.140403_SN586_0191_AC42MNACXX.snp.raw.snpFingerPrintingTest.vcf									
Sample_Diag-excap21-13001142901-EE-KIT-Av5 									
RS	RS	REF	ALT	Genotype	readDepth	allelic depth REF	allelic depth ALT	CHROM	POS
rs786906 	None 	T 	None 	T/T 	200 	None 	None 	1 	89271574
rs2296292 	rs2296292 	A 	C 	A/C 	66 	42 	24 	1 	183086757
rs1137288 	None 	T 	None 	T/T 	13 	None 	None 	2 	30381505
rs1485175 	rs1485175 	T 	C 	C/C 	182 	0 	182 	3 	7620789
rs3749507 	rs3749507 	A 	G 	A/G 	200 	120 	80 	4 	128565000
rs3108237 	None 	G 	None 	G/G 	200 	None 	None 	4 	186112111
rs6596422 	rs6596422 	G 	A 	G/A 	186 	100 	86 	5 	137426447
rs1700490 	None 	G 	None 	G/G 	141 	None 	None 	5 	176402401
rs3736782 	None 	C 	None 	C/C 	175 	None 	None 	6 	26505403
rs257376 	rs257376 	G 	A 	G/A 	200 	104 	96 	7 	106799997
rs2241802 	rs2241802 	A 	G 	A/G 	138 	63 	75 	8 	28384712
rs944510 	None 	C 	None 	C/C 	200 	None 	None 	9 	117853022
rs2901343 	rs2901343 	C 	T 	T/T 	153 	0 	153 	10 	124457906
rs1446464 	rs1446464 	C 	A 	C/A 	181 	95 	86 	11 	8486310
rs1057908 	rs1057908 	T 	G 	T/G 	41 	13 	28 	12 	49230035
rs9707144 	rs9707144 	T 	C 	T/C 	85 	41 	44 	13 	25356053
rs3814871 	rs3814871 	G 	A 	G/A 	200 	97 	103 	14 	71444788
rs1267657 	None 	T 	None 	T/T 	200 	None 	None 	15 	83215251
rs33910368 	rs33910368 	A 	T 	A/T 	94 	52 	42 	16 	70569215
rs3851 	None 	A 	None 	A/A 	61 	None 	None 	17 	4686414
rs9958735 	rs9958735 	T 	C 	T/C 	143 	81 	62 	18 	56247180
rs238148 	rs238148 	C 	T 	C/T 	68 	28 	40 	20 	47850182
rs1053744 	rs1053744 	A 	G 	G/G 	168 	0 	168 	22 	50885775
