/Volumes/data1.odin/001_exome/diagnosticSamples//HSPogHA/Sample_Diag-excap22-14000153800-HSPogHA-KIT-Av5.140402_7001448_0259_AC3UNPACXX/060_delivery/Sample_Diag-excap22-14000153800-HSPogHA-KIT-Av5.140402_7001448_0259_AC3UNPACXX.snp.raw.snpFingerPrintingTest.vcf									
Sample_Diag-excap22-14000153800-HSPogHA-KIT-Av5 									
RS	RS	REF	ALT	Genotype	readDepth	allelic depth REF	allelic depth ALT	CHROM	POS
rs786906 	rs786906 	T 	C 	C/C 	159 	0 	159 	1 	89271574
rs2296292 	rs2296292 	A 	C 	A/C 	69 	42 	27 	1 	183086757
rs1137288 	rs1137288 	T 	C 	T/C 	15 	7 	8 	2 	30381505
rs1485175 	rs1485175 	T 	C 	T/C 	200 	97 	103 	3 	7620789
rs3749507 	None 	A 	None 	A/A 	200 	None 	None 	4 	128565000
rs3108237 	rs3108237 	G 	A 	G/A 	200 	109 	91 	4 	186112111
rs6596422 	rs6596422 	G 	A 	A/A 	133 	0 	133 	5 	137426447
rs1700490 	rs1700490 	G 	A 	A/A 	131 	0 	131 	5 	176402401
rs3736782 	rs3736782 	C 	A 	A/A 	121 	0 	120 	6 	26505403
rs257376 	rs257376 	G 	A 	G/A 	200 	111 	89 	7 	106799997
rs2241802 	None 	A 	None 	A/A 	133 	None 	None 	8 	28384712
rs944510 	None 	C 	None 	C/C 	200 	None 	None 	9 	117853022
rs2901343 	rs2901343 	C 	T 	T/T 	153 	1 	152 	10 	124457906
rs1446464 	rs1446464 	C 	A 	C/A 	172 	108 	64 	11 	8486310
rs1057908 	rs1057908 	T 	G 	T/G 	51 	21 	30 	12 	49230035
rs9707144 	None 	T 	None 	T/T 	85 	None 	None 	13 	25356053
rs3814871 	rs3814871 	G 	A 	G/A 	200 	103 	97 	14 	71444788
rs1267657 	None 	T 	None 	T/T 	200 	None 	None 	15 	83215251
rs33910368 	rs33910368 	A 	T 	A/T 	99 	51 	48 	16 	70569215
rs3851 	None 	A 	None 	A/A 	50 	None 	None 	17 	4686414
rs9958735 	rs9958735 	T 	C 	C/C 	148 	1 	147 	18 	56247180
rs238148 	rs238148 	C 	T 	T/T 	83 	0 	83 	20 	47850182
rs1053744 	rs1053744 	A 	G 	A/G 	177 	101 	75 	22 	50885775
