/Volumes/data1.odin/001_exome/diagnosticSamples//EE/Sample_Diag-excap17-13000761800-KIT-AI50Mbv5.131009_7001448_0223_AC2G2UACXX/060_delivery/Sample_Diag-excap17-13000761800-KIT-AI50Mbv5.131009_7001448_0223_AC2G2UACXX.snp.raw.snpFingerPrintingTest.vcf									
Sample_Diag-excap17-13000761800-KIT-AI50Mbv5 									
RS	RS	REF	ALT	Genotype	readDepth	allelic depth REF	allelic depth ALT	CHROM	POS
rs786906 	rs786906 	T 	C 	T/C 	128 	59 	69 	1 	89271574
rs2296292 	rs2296292 	A 	C 	C/C 	129 	0 	129 	1 	183086757
rs1137288 	rs1137288 	T 	C 	T/C 	39 	21 	18 	2 	30381505
rs1485175 	rs1485175 	T 	C 	T/C 	284 	141 	143 	3 	7620789
rs3749507 	rs3749507 	A 	G 	G/G 	344 	0 	344 	4 	128565000
rs3108237 	rs3108237 	G 	A 	A/A 	207 	0 	207 	4 	186112111
rs6596422 	rs6596422 	G 	A 	G/A 	240 	136 	104 	5 	137426447
rs1700490 	rs1700490 	G 	A 	A/A 	129 	0 	129 	5 	176402401
rs3736782 	rs3736782 	C 	A 	C/A 	191 	113 	78 	6 	26505403
rs257376 	rs257376 	G 	A 	G/A 	250 	140 	110 	7 	106799997
rs2241802 	rs2241802 	A 	G 	G/G 	175 	0 	175 	8 	28384712
rs944510 	rs944510 	C 	T 	C/T 	409 	222 	186 	9 	117853022
rs2901343 	rs2901343 	C 	T 	C/T 	212 	131 	81 	10 	124457906
rs1446464 	rs1446464 	C 	A 	C/A 	171 	91 	80 	11 	8486310
rs1057908 	rs1057908 	T 	G 	T/G 	62 	31 	31 	12 	49230035
rs9707144 	rs9707144 	T 	C 	T/C 	60 	35 	25 	13 	25356053
rs3814871 	None 	G 	None 	None 	None 	None 	None 	14 	71444788
rs1267657 	rs1267657 	T 	C 	T/C 	242 	127 	115 	15 	83215251
rs33910368 	rs33910368 	A 	T 	A/T 	160 	86 	74 	16 	70569215
rs3851 	None 	A 	None 	A/A 	75 	None 	None 	17 	4686414
rs9958735 	rs9958735 	T 	C 	C/C 	236 	0 	236 	18 	56247180
rs238148 	rs238148 	C 	T 	C/T 	135 	71 	64 	20 	47850182
rs1053744 	rs1053744 	A 	G 	G/G 	207 	0 	207 	22 	50885775
