/Volumes/data1.odin/001_exome/diagnosticSamples//EE/Sample_Diag-excap20-13001139400-EE-KIT-Av5.140305_D00132_0066_AC3U4PACXX/060_delivery/Sample_Diag-excap20-13001139400-EE-KIT-Av5.140305_D00132_0066_AC3U4PACXX.snp.raw.snpFingerPrintingTest.vcf									
Sample_Diag-excap20-13001139400-EE-KIT-Av5 									
RS	RS	REF	ALT	Genotype	readDepth	allelic depth REF	allelic depth ALT	CHROM	POS
rs786906 	rs786906 	T 	C 	C/C 	190 	0 	190 	1 	89271574
rs2296292 	rs2296292 	A 	C 	C/C 	87 	0 	87 	1 	183086757
rs1137288 	rs1137288 	T 	C 	T/C 	19 	11 	8 	2 	30381505
rs1485175 	rs1485175 	T 	C 	T/C 	200 	113 	87 	3 	7620789
rs3749507 	rs3749507 	A 	G 	A/G 	200 	117 	83 	4 	128565000
rs3108237 	None 	G 	None 	G/G 	200 	None 	None 	4 	186112111
rs6596422 	rs6596422 	G 	A 	G/A 	166 	84 	82 	5 	137426447
rs1700490 	rs1700490 	G 	A 	G/A 	180 	78 	102 	5 	176402401
rs3736782 	None 	C 	None 	C/C 	153 	None 	None 	6 	26505403
rs257376 	rs257376 	G 	A 	G/A 	200 	121 	79 	7 	106799997
rs2241802 	rs2241802 	A 	G 	A/G 	171 	76 	95 	8 	28384712
rs944510 	None 	C 	None 	C/C 	200 	None 	None 	9 	117853022
rs2901343 	rs2901343 	C 	T 	T/T 	200 	0 	200 	10 	124457906
rs1446464 	None 	C 	None 	C/C 	193 	None 	None 	11 	8486310
rs1057908 	None 	T 	None 	T/T 	49 	None 	None 	12 	49230035
rs9707144 	rs9707144 	T 	C 	T/C 	95 	46 	49 	13 	25356053
rs3814871 	rs3814871 	G 	A 	A/A 	200 	0 	200 	14 	71444788
rs1267657 	rs1267657 	T 	C 	C/C 	184 	0 	184 	15 	83215251
rs33910368 	rs33910368 	A 	T 	A/T 	113 	55 	58 	16 	70569215
rs3851 	rs3851 	A 	C 	A/C 	59 	28 	31 	17 	4686414
rs9958735 	rs9958735 	T 	C 	C/C 	189 	0 	189 	18 	56247180
rs238148 	rs238148 	C 	T 	T/T 	64 	0 	64 	20 	47850182
rs1053744 	rs1053744 	A 	G 	A/G 	170 	98 	72 	22 	50885775
