/Volumes/data1.odin/001_exome/diagnosticSamples//EE/Sample_Diag-excap21-14000029701-EE-KIT-Av5.140403_SN586_0191_AC42MNACXX/060_delivery/Sample_Diag-excap21-14000029701-EE-KIT-Av5.140403_SN586_0191_AC42MNACXX.snp.raw.snpFingerPrintingTest.vcf									
Sample_Diag-excap21-14000029701-EE-KIT-Av5 									
RS	RS	REF	ALT	Genotype	readDepth	allelic depth REF	allelic depth ALT	CHROM	POS
rs786906 	rs786906 	T 	C 	T/C 	173 	91 	82 	1 	89271574
rs2296292 	rs2296292 	A 	C 	C/C 	67 	0 	67 	1 	183086757
rs1137288 	rs1137288 	T 	C 	T/C 	11 	6 	5 	2 	30381505
rs1485175 	rs1485175 	T 	C 	T/C 	152 	79 	73 	3 	7620789
rs3749507 	rs3749507 	A 	G 	A/G 	200 	113 	87 	4 	128565000
rs3108237 	rs3108237 	G 	A 	G/A 	191 	106 	85 	4 	186112111
rs6596422 	rs6596422 	G 	A 	G/A 	134 	58 	76 	5 	137426447
rs1700490 	rs1700490 	G 	A 	G/A 	148 	74 	74 	5 	176402401
rs3736782 	rs3736782 	C 	A 	A/A 	129 	0 	129 	6 	26505403
rs257376 	None 	G 	None 	G/G 	200 	None 	None 	7 	106799997
rs2241802 	rs2241802 	A 	G 	A/G 	112 	53 	59 	8 	28384712
rs944510 	rs944510 	C 	T 	T/T 	200 	1 	199 	9 	117853022
rs2901343 	rs2901343 	C 	T 	C/T 	156 	86 	70 	10 	124457906
rs1446464 	None 	C 	None 	C/C 	189 	None 	None 	11 	8486310
rs1057908 	rs1057908 	T 	G 	G/G 	50 	0 	50 	12 	49230035
rs9707144 	rs9707144 	T 	C 	T/C 	85 	38 	47 	13 	25356053
rs3814871 	rs3814871 	G 	A 	A/A 	200 	0 	200 	14 	71444788
rs1267657 	rs1267657 	T 	C 	T/C 	198 	101 	97 	15 	83215251
rs33910368 	None 	A 	None 	A/A 	84 	None 	None 	16 	70569215
rs3851 	rs3851 	A 	C 	A/C 	56 	32 	24 	17 	4686414
rs9958735 	rs9958735 	T 	C 	C/C 	152 	0 	152 	18 	56247180
rs238148 	rs238148 	C 	T 	C/T 	90 	57 	33 	20 	47850182
rs1053744 	rs1053744 	A 	G 	A/G 	149 	82 	67 	22 	50885775
