/Volumes/data1.odin/001_exome/diagnosticSamples//EE/Sample_Diag-excap23-14000298000-EE-Kit-Av5.140423_D00132_0071_BC42D4ACXX/060_delivery/Sample_Diag-excap23-14000298000-EE-Kit-Av5.140423_D00132_0071_BC42D4ACXX.snp.raw.snpFingerPrintingTest.vcf									
Sample_Diag-excap23-14000298000-EE-Kit-Av5 									
RS	RS	REF	ALT	Genotype	readDepth	allelic depth REF	allelic depth ALT	CHROM	POS
rs786906 	rs786906 	T 	C 	T/C 	182 	98 	84 	1 	89271574
rs2296292 	rs2296292 	A 	C 	A/C 	110 	60 	50 	1 	183086757
rs1137288 	rs1137288 	T 	C 	T/C 	11 	4 	7 	2 	30381505
rs1485175 	rs1485175 	T 	C 	T/C 	200 	104 	96 	3 	7620789
rs3749507 	rs3749507 	A 	G 	A/G 	200 	96 	104 	4 	128565000
rs3108237 	rs3108237 	G 	A 	A/A 	200 	2 	197 	4 	186112111
rs6596422 	rs6596422 	G 	A 	G/A 	175 	98 	77 	5 	137426447
rs1700490 	None 	G 	None 	G/G 	151 	None 	None 	5 	176402401
rs3736782 	None 	C 	None 	C/C 	158 	None 	None 	6 	26505403
rs257376 	rs257376 	G 	A 	G/A 	200 	98 	102 	7 	106799997
rs2241802 	rs2241802 	A 	G 	A/G 	150 	79 	71 	8 	28384712
rs944510 	rs944510 	C 	T 	T/T 	200 	1 	199 	9 	117853022
rs2901343 	rs2901343 	C 	T 	T/T 	183 	0 	183 	10 	124457906
rs1446464 	None 	C 	None 	C/C 	167 	None 	None 	11 	8486310
rs1057908 	rs1057908 	T 	G 	T/G 	65 	33 	32 	12 	49230035
rs9707144 	rs9707144 	T 	C 	T/C 	92 	49 	43 	13 	25356053
rs3814871 	None 	G 	None 	G/G 	200 	None 	None 	14 	71444788
rs1267657 	rs1267657 	T 	C 	T/C 	188 	95 	93 	15 	83215251
rs33910368 	rs33910368 	A 	T 	A/T 	78 	40 	38 	16 	70569215
rs3851 	rs3851 	A 	C 	A/C 	49 	25 	23 	17 	4686414
rs9958735 	rs9958735 	T 	C 	T/C 	200 	101 	99 	18 	56247180
rs238148 	rs238148 	C 	T 	C/T 	107 	62 	45 	20 	47850182
rs1053744 	rs1053744 	A 	G 	G/G 	158 	0 	158 	22 	50885775
