/Volumes/data1.odin/001_exome/diagnosticSamples//EE/Sample_Diag-excap21-13001049001-EE-KIT-Av5.140403_SN586_0191_AC42MNACXX/060_delivery/Sample_Diag-excap21-13001049001-EE-KIT-Av5.140403_SN586_0191_AC42MNACXX.snp.raw.snpFingerPrintingTest.vcf									
Sample_Diag-excap21-13001049001-EE-KIT-Av5 									
RS	RS	REF	ALT	Genotype	readDepth	allelic depth REF	allelic depth ALT	CHROM	POS
rs786906 	None 	T 	None 	T/T 	200 	None 	None 	1 	89271574
rs2296292 	rs2296292 	A 	C 	C/C 	87 	1 	86 	1 	183086757
rs1137288 	rs1137288 	T 	C 	C/C 	19 	0 	19 	2 	30381505
rs1485175 	rs1485175 	T 	C 	T/C 	200 	99 	101 	3 	7620789
rs3749507 	rs3749507 	A 	G 	G/G 	200 	1 	199 	4 	128565000
rs3108237 	rs3108237 	G 	A 	G/A 	200 	115 	85 	4 	186112111
rs6596422 	rs6596422 	G 	A 	A/A 	173 	0 	173 	5 	137426447
rs1700490 	rs1700490 	G 	A 	G/A 	169 	83 	86 	5 	176402401
rs3736782 	rs3736782 	C 	A 	C/A 	148 	71 	76 	6 	26505403
rs257376 	rs257376 	G 	A 	A/A 	200 	0 	200 	7 	106799997
rs2241802 	rs2241802 	A 	G 	A/G 	129 	65 	64 	8 	28384712
rs944510 	rs944510 	C 	T 	C/T 	200 	102 	98 	9 	117853022
rs2901343 	None 	C 	None 	C/C 	200 	None 	None 	10 	124457906
rs1446464 	rs1446464 	C 	A 	A/A 	176 	0 	176 	11 	8486310
rs1057908 	rs1057908 	T 	G 	T/G 	48 	23 	25 	12 	49230035
rs9707144 	rs9707144 	T 	C 	T/C 	89 	43 	46 	13 	25356053
rs3814871 	None 	G 	None 	G/G 	200 	None 	None 	14 	71444788
rs1267657 	rs1267657 	T 	C 	T/C 	200 	90 	110 	15 	83215251
rs33910368 	rs33910368 	A 	T 	A/T 	94 	48 	46 	16 	70569215
rs3851 	None 	A 	None 	A/A 	63 	None 	None 	17 	4686414
rs9958735 	rs9958735 	T 	C 	T/C 	183 	104 	79 	18 	56247180
rs238148 	rs238148 	C 	T 	C/T 	95 	48 	47 	20 	47850182
rs1053744 	rs1053744 	A 	G 	A/G 	200 	112 	88 	22 	50885775
